Fecha,Comentario,Estrellas,Likes
15 ago. 2022,"En mi opinión anda un 50 del 100, se traba y se toquetea solo de vez en cuando lo que no debería porque es ""nuevo"".",Calificación 1 de 5,5
10 jun. 2023,"Malo, muy malo, tenemos dos y los dos salieron iguales.",Calificación 1 de 5,4
02 jun. 2023,"Una decepción es este teléfono, te pones a mirar videos y al tiempo de estar mirando empieza a fallar el táctil, solo se mete en cualquier parte sin que toque la pantalla, muy malo.",Calificación 1 de 5,4
02 nov. 2023,Falla el táctil.,Calificación 1 de 5,3
07 oct. 2022,Necesito que me lo cambien. Hoy se apagó y no anda más. No recibí la factura. Necesito que me digan como hacer para que me lo cambien. Gracias. 15 días de uso.,Calificación 1 de 5,3
01 oct. 2022,Malo me pidio actualizar las notificaciones. Y no lo puedo apagar sube el volumen y no baja el volumen. No quise la garganta porque nunca tuve problemas con la marca samsung. No lo recomiendo. Lo restablecido de fabrica y sigue igualmente. Mala la compra.,Calificación 1 de 5,3
26 sep. 2022,Me dejo de andar los botones y el censor de auricular.,Calificación 1 de 5,3
28 jul. 2022,Funciona mal la camara. Cuando haces un video la camara titila y cuando dacas fotos salen con un color verdoso.,Calificación 1 de 5,3
03 oct. 2022,Hace 30 dias compre este celular y ya me funciona mal. No funciona el boton de prendido ni el plug de carga. Mercado libre no me devuelve el dinero no se hace cargo de la falla del producto. Nunca mas compro por esta plataforma.,Calificación 1 de 5,3
30 ago. 2022,Se recalienta con facilidad. También tuve problemas con la bateria.,Calificación 1 de 5,3
06 ago. 2022,"Tiene carga lenta, necesitas 6 7 hs para que cargue. Y en ese mismo tiempo se descargada.",Calificación 1 de 5,3
01 nov. 2023,El móvil me vino con problemas en el táctil. Básicamente me vendieron un celular roto.,Calificación 1 de 5,2
21 sep. 2023,Muy malo. Lento. La pantalla tactil se rompió despues de unos meses de uso.,Calificación 1 de 5,2
07 ago. 2023,"Fue una gran compra por 6 meses, entonces comenzó a fallar la pantalla, entre otras cosas a pesar de darle un uso normal. Nunca había tenido dificultades con ningún producto de mercado libre, pero siempre pague las garantías como un gil por las dudas. Fue grande mi sorpresa cuando para utilizar la garantía me exigían pagar casi una cuarta parte del valor del aparato, sin saber si me iban a solucionar el problema. Las compras son a riesgo, no gasten dinero extra en seguros al pedo.",Calificación 1 de 5,2
01 jun. 2023,Lo devolví porque me vino fallado.,Calificación 1 de 5,2
16 nov. 2022,"Marítimo, no recomiendo la compra, se tilda, la pantalla se desliza sola,. Se abren aplicaciones solas, es una pena,. Siempre. E. Comprado por mercado libre mis celulares, jamás tuve problema, el. Ultimo fue un moto e5,. Espero q tenga arreglo,. De lo contrario chau samsung.",Calificación 1 de 5,2
06 oct. 2022,"El celular deja de funcionar, dejan de andar las teclas del costado y hay que reiniciarlo. Un mala compra esta vez, un bajón.",Calificación 1 de 5,2
16 oct. 2023,Me duro 2 meses. Una pérdida de dinero.,Calificación 1 de 5,1
13 sep. 2023,Se rompio a los 8 meses de uso. Cabe destacar que el uso era de segundo telefono practicamente nulo.,Calificación 1 de 5,1
22 ago. 2023,Lo compre hace 6 meses y de un momento a otro no prendió más … lo tengo que llevar al técnico a ver qué me dice.,Calificación 1 de 5,1
11 ago. 2023,Siempre se tildó. Me dijeron que vino con una plaqueta quemada malisimo.,Calificación 1 de 5,1
02 oct. 2024,"Lo cuidé como oro. Al año se rompió el módulo, justo una semana antes de que se termine la garantía. Sobrecalienta. Tiene menús donde nunca encontrás las configuraciones que buscás. Para poder escribir estoy todo el tiempo blpqueando y desbloqueando para que se destrabe dl módulo. La pero inversión de mi vida. Pensé que samsung era serio. Un asco.",Calificación 1 de 5,0
08 sep. 2024,Salió con defecto este modelo en particular. Un perno.,Calificación 1 de 5,0
07 ago. 2024,El peor producto que me compre en menos de 6 meses ya necesita una ayuda para abrir una app.,Calificación 1 de 5,0
25 jun. 2024,Malísimo se apagó a los dos días de recibirlo y nunca más funcionó.,Calificación 1 de 5,0
23 may. 2024,No lo recomiendo. Se tilda todo el tiempo.,Calificación 1 de 5,0
15 may. 2024,Lo compre para mi hermano y anda de diez.,Calificación 1 de 5,0
15 may. 2024,"El teléfono no anda, la caja vino abierta. Y sin cargador. Lo probé con varios cargadores y no prende.",Calificación 1 de 5,0
12 feb. 2024,"No funciona bien, se queda sin sonido y se tilda constantemente, es una buens marca , no se qué hacer.",Calificación 1 de 5,0
11 ene. 2024,"Una garompa como todos los gama baja de samsung, se traba al mes.",Calificación 1 de 5,0
05 ene. 2024,Muy mala calidad.,Calificación 1 de 5,0
20 dic. 2023,Bueno.,Calificación 1 de 5,0
13 dic. 2023,"El producto anda. Para lo q lo necesito , funciona. Pero se traba, x momentos se descontrola.",Calificación 1 de 5,0
28 nov. 2023,Malisimo.,Calificación 1 de 5,0
18 nov. 2023,Es un excelente celular anda perfecto.,Calificación 1 de 5,0
09 nov. 2023,"Malo, se apaga solo, funciona mal, al querer abrir las aplicaciones tarda mucho, aunque tenga batería se apaga y vuelve a prender pasados los 20 minutos.",Calificación 1 de 5,0
04 nov. 2023,Anda mal.,Calificación 1 de 5,0
18 ago. 2023,"Pésimo celular, se tilda permanentemente la pantalla, hay q reiniciarlo continuamente.",Calificación 1 de 5,0
28 jul. 2023,Se tilda a cada rato y me pide actualizar el software todas las semanas. Bastante malo.,Calificación 1 de 5,0
21 jul. 2023,Mala experiencia lo tuve que devolver por problemas tecnicos.,Calificación 1 de 5,0
16 jul. 2023,El software colapso y tuve que reinstalarlo. Camara deja mucho que desear.,Calificación 1 de 5,0
15 jul. 2023,Nunca anduvo lo tuve que devolver. ☹️.,Calificación 1 de 5,0
14 jul. 2023,El celular a los 2 meses anda mal. La cámara es pésima. No lo vuelvo a comprar.,Calificación 1 de 5,0
11 jul. 2023,"Un año hace que se lo regale a mi novio. Le salió malisimo el teléfono, se le tilda y se toca solo🤦🏻‍♀️.",Calificación 1 de 5,0
11 jul. 2023,"Se tilda constantemente, eso hace que las demás funciones no se valoren.",Calificación 1 de 5,0
09 jul. 2023,No cumple con mi expectativas.,Calificación 1 de 5,0
03 jul. 2023,Se tildó mucho.,Calificación 1 de 5,0
01 jul. 2023,Muy mala conexión de wiffi.,Calificación 1 de 5,0
29 jun. 2023,"Al años justo semanas de vencer la garantía sufrió muerte súbita, raro, ahora tengo que arreglarlo y lo cargo apagado, lo cuido y uso solo el cargados homologado!!!!!.",Calificación 1 de 5,0
25 jun. 2023,El telefono se tilda! se abren páginas! la realidad por el. Precio sabia q podia suceder. Si hubiera tenido mas disponibilidad de dinero no lo hubiera comprado.,Calificación 1 de 5,0
23 jun. 2023,Básico por el precio.,Calificación 1 de 5,0
22 jun. 2023,"El producto que nos vendieron era robado, obviamente nunca se hicieron cargo de nada.",Calificación 1 de 5,0
15 jun. 2023,"Vienen todos fallados por eso el precio, tube uno antes de comprar el de mercado libre y lo devolvi, pedi otro esta ves en mercado y vino fallado tamb, asumo que todos los modelos son iguales, por eso el precio.",Calificación 1 de 5,0
07 jun. 2023,Malisimo.,Calificación 1 de 5,0
07 jun. 2023,El peor celular de la historia. La cámara de fotos dejo de funcionar. Lento. Una ca ca por así decirlo. Deje de ser ratona y me compre algo más caro porque me cansé de tirar plata. Obvio elegí otra marca. Samsung malísimo.,Calificación 1 de 5,0
29 may. 2023,"Duro poco,no tuve suerte. Se reviraba,cambiaba solo. Suerte que lo pude devolver.",Calificación 1 de 5,0
10 may. 2023,Lo compre y lo usé solo un mes. Falla de software. Falla conector de carga. Bajo volumen del parlante. Sonido mediocre en mensajes de voz. Dificultad al conmutar de wifi a 4g. A veces no lo hace. Dejé de usarlo. Compre otro.,Calificación 1 de 5,0
03 may. 2023,"Lo compre en septiembre de 2022 y ya funciona mal el tactil, se cuelga, tengo que bloquear el celu y desbloquear y se arregla.",Calificación 1 de 5,0
01 may. 2023,Cómo tecnico es el peor teléfono fabricado. Pelea con el moto e6 play.,Calificación 1 de 5,0
27 abr. 2023,El celular anda mal el táctil no se que se podrá hacer. Gracias.,Calificación 1 de 5,0
10 abr. 2023,6 meses y comenzo con una falla.,Calificación 1 de 5,0
28 mar. 2023,"El peor celular del mercado. No lo compren. Ni 4 meses de uso y ya se recalienta, se apaga solo, se tilda utilizando cualquier aplicación, malísimo.",Calificación 1 de 5,0
28 mar. 2023,No hace un año que lo tengo y ya se me apago varias veces tuve que llevar al técnico y ahora no anda el botón del costado del encendido y apagado. No lo recomiendo.,Calificación 1 de 5,0
17 mar. 2023,Se bloqueó y no me están dando una solución me dicen que van a darme la y no me llaman.,Calificación 1 de 5,0
09 mar. 2023,Se me tilda mucho quiero ver si la garantía lo cubre.,Calificación 1 de 5,0
22 feb. 2023,El teléfono al mes dejo funcionar el micrófono para audios y búsqueda x cuando ves videos o escuchas audios. No se escuchan. El teléfono no se cayó/mojo ni nada. Fui a samsung y me dicen q en el pin de carga está como sulfatado. Como si se hubiera mojado. La verdad una decepción.,Calificación 1 de 5,0
18 feb. 2023,"El teléfono tiene un uso de 6 meses, la pantalla se puso totalmente negra y el celular ya no prende más.",Calificación 1 de 5,0
26 ene. 2023,"El producto es muy malo, no lo recomiendo.",Calificación 1 de 5,0
19 ene. 2023,No me anda. El internet.,Calificación 1 de 5,0
09 ene. 2023,"El producto no cumple con los requisitos esperado, las fotos salen pálidas y horribles, es muy complicado su uso,y repito algo que ne decepcionó mucho, mala calidad de las fotos!!.",Calificación 1 de 5,0
08 ene. 2023,El teléfono o tiene 3 meses y no se si esta agitada la batería o no sirve el cargador porque si se apaga el celular debo pasar más de 5 hs para que vuelva a prender.,Calificación 1 de 5,0
02 ene. 2023,Malísimo vino fallado desastre el celular no lo compren una estafa.,Calificación 1 de 5,0
30 dic. 2022,"Pantalla con gran falta de sencivilidad, impedia mover los iconos o seleccionar mensajes, muy muy malo.",Calificación 1 de 5,0
29 dic. 2022,"Hace tres meses compré un equipo nuevo, que no anda ni para atras ni para adelante,se queda tildado el teclado,el volumen,la aplicación no habren. Y de samsung no me dan ninguna solución. Muy mal producto.",Calificación 1 de 5,0
28 dic. 2022,Muy malo se cuelga el sistema y hay que reiniciarlo muy seguido.,Calificación 1 de 5,0
27 dic. 2022,"No anda el bolumen necesito saber ,donde esta la garantía.",Calificación 1 de 5,0
27 dic. 2022,Tiene fallas se tilda no se puede bajar videos cómo puedo solucionar este problema??.,Calificación 1 de 5,0
18 dic. 2022,Realmente una porqueri aade telefono. Se tilda muy seguido las fotos muy malas. Las aplicaciones fallan cada don x tres. Este es el último equipo que le compro a la marca. Muy malo. No lo recomiendo.,Calificación 1 de 5,0
16 dic. 2022,Malisimo.,Calificación 1 de 5,0
07 dic. 2022,Me cobraron 2 veces el producto con las tarjeta. Ojo con el comprador!!.,Calificación 1 de 5,0
01 dic. 2022,"No funciona bien el sonido, aveces esta bien y otras no.",Calificación 1 de 5,0
28 nov. 2022,Me decepcionó porque se tildada a cada rato y además no sacaba buenas fotos.,Calificación 1 de 5,0
25 nov. 2022,Problemas con la memoria.,Calificación 1 de 5,0
25 nov. 2022,"Muy malo, no pueod mantener una conversacion proque se corta continuamente.",Calificación 1 de 5,0
23 nov. 2022,Hola necesito saber dnd me dirijo el teléfono no funciona se apago y no prende fui a la dirección dnd parace la factura y no corresponde necesito comunicarme con alguien que me oriente dnd tengo que ir.,Calificación 1 de 5,0
10 nov. 2022,Malo. Anda mal el botón lateral. Y ahora empezó a fallar la batería. No me dieron respuesta. Muy mal.,Calificación 1 de 5,0
09 nov. 2022,"Funciona mal, tarda mucho para todo, el tactil tampoco funciona bien, se traba y enloquece seguido, y la bateria se descarga bastante rapido, no lo compraria otra vez.",Calificación 1 de 5,0
25 oct. 2022,El celular no sirve para nada un mes y se fundio nunca mas compro nada d aca.,Calificación 1 de 5,0
23 oct. 2022,Pesimo sonido.,Calificación 1 de 5,0
18 oct. 2022,No llevo una semana y ya empezo con problemas en la pantalla hacer parpadeos raros decepción total.,Calificación 1 de 5,0
16 oct. 2022,Hla soy monzon patricio el otro día los compré ese celu vino fallado los kiero cambiar x otro este es mi número d celu 3484301400.,Calificación 1 de 5,0
14 oct. 2022,"El telefono funciona mal las app se clavan, lo pones a reiniciar y no vuelve a prender hasta luego de un buen rato o ahora mismo lo reinicie y no enciende mas.",Calificación 1 de 5,0
11 oct. 2022,No funciona como corresponde ya sea tecla de encendido y carga cuando quiere. No lo ude devolver ya que tire su caja.,Calificación 1 de 5,0
08 oct. 2022,Buenas tardes el producto salióalo una ves q lo apagó no lo puedo prender.,Calificación 1 de 5,0
07 oct. 2022,Se tilda mucho el táctil no responde se apaga solo y no prende una porquería.,Calificación 1 de 5,0
06 oct. 2022,Hoy el celular se quedó sin volumen que devo hacer donde devo hacer la devolución.,Calificación 1 de 5,0
06 oct. 2022,"A 3 meses el equipo empezó a fallar en los botones de encendido y volumen, sin sufrir ningún daño de ningún tipo. Necesito saber donde reclamar.",Calificación 1 de 5,0
05 oct. 2022,"Lento se traba, muy mala calidad aún para el precio.",Calificación 1 de 5,0
03 oct. 2022,Excelente!!!! muy conforme!!! agradecida.,Calificación 1 de 5,0
30 sep. 2022,"A los dos meses y una semana dejo de funcionar, malisima compra.",Calificación 1 de 5,0
29 sep. 2022,Un mal producto de la nada me dejó de funcionar el pingües de carga el botón de encendido y la entrada de auricular.,Calificación 1 de 5,0
28 sep. 2022,Pésimo se apago y no encendió más.,Calificación 1 de 5,0
28 sep. 2022,Exploto la bateria.,Calificación 1 de 5,0
25 sep. 2022,No hace un mes que lo compre y el teléfono funciona muy mal.,Calificación 1 de 5,0
20 sep. 2022,"Malísimo, un montón de fallas a nivel de sofware, un asco, hay veces que para sacar una foto hay que presionar 10 veces o más.",Calificación 1 de 5,0
17 sep. 2022,Malisimo. No lo compren. Tuve la mala suerte que al vibrar el teléfono se escucha algo suelto debajo de la tapa de la batería y para colmo viene con cargador común.,Calificación 1 de 5,0
01 sep. 2022,Muy ben telefono. Ideal para sacar fotos videos. Y para el precio esta bien. Se lo recomiendo. Lastima q con el tiempo comenzo a fallar. Por ej. Se el youtube se apaga solo. El wassap se cambia solo. Etc.,Calificación 1 de 5,0
26 ago. 2022,Ni una semana tiene y no dura la batería y la calidad en general no es tan buena.,Calificación 1 de 5,0
23 ago. 2022,Ya estaba usado. Tenia bajado juegos desde abril. Yo lo compre en agosto como nuevo.,Calificación 1 de 5,0
08 ago. 2022,Esta muy bueno vamos a decir excelente.,Calificación 1 de 5,2
20 nov. 2022,"Cuando lo compré y se lo mostre a unas compañeras me dijeron que asung nunca mas y ahora entiendo. Al mes de comprarlo con funda y glass colocado se me cayó, no fue un golpe grave, y la cámara frontal quedó con una rayita, malisima calidad en pantalla. Nunca me ha sucedido con lg o motorola. Adios selfies. Tampoco anda bien el google chrome y el instagram (reels) se tildan. Pésimo.",Calificación 1 de 5,1
08 sep. 2022,Muy bueno muy bueno muy bueno.,Calificación 1 de 5,1
07 sep. 2022,El celular esta bueno pero lo que me parece una falta de respeto hacia el comprador es que manden el equipo sin los auriculares.,Calificación 1 de 5,1
29 jul. 2022,Al mes estallo la bateria quedo inflado el telefono esla segunda vez que me pasa con un samsung.,Calificación 1 de 5,1
09 dic. 2023,"Pésimo, no lo compren. Lo peor de todo es que el táctil es muy malo. No reacciona bien y por momentos se queda tildado, y para que reaccione hay que pagar la pantalla y volver a encenderla. Muy malo, no lo compraría nunca más.",Calificación 1 de 5,0
28 sep. 2022,Marítimo trae fallas de fabricación!! no funciona bien la pantalla y las teclas laterales !! en menos de 20 días de uso.,Calificación 1 de 5,0
17 sep. 2022,El problema es que el celular no funciona todo el tiempo se reinicia en una palabra no funciona.,Calificación 1 de 5,0
17 ago. 2022,No funciona bien abre solo camvia solo y es como si sapateara.,Calificación 1 de 5,0
07 sep. 2022,El producto es malisimo no me anda bien la señal aparte la batería descarga muy rápido.,Calificación 1 de 5,0
26 ago. 2022,Comun simple sencillo para lo basico whatsapp y youtube bien. Para otras apps ya no. Es una gama baja y se comienza a trabar si le descargas otras apps.,Calificación 1 de 5,0
03 ago. 2022,Se tilda todo el tiempo. No sacaa las fotos.,Calificación 1 de 5,0
26 ago. 2022,Buenos dias hace ya 3 dias que estoy intentando bajar washap y me dice que espere 48 horas es una cargada jamas me paso esto con ningun celular queiro saber como se puede solucionar el prpblema sino tendre que enviarlo de nuevo espero su respuesta saludos figueroa segundo. Baje todas ls plicaciones menos washap.,Calificación 1 de 5,3
05 jul. 2022,"Pésimo producto. Compré dos. Los dos con problemas, no los recomiendo.",Calificación 1 de 5,2
28 abr. 2022,El aparato no anda bien lo pones a cargar y no lo podes usar.,Calificación 1 de 5,6
11 jun. 2022,"Malisimo, lo pones a cargar y no lo podes usar, algunas fotos se pierden, hace captura te vas a galeria y no lo emcontras la bateria no dura mucjo.",Calificación 1 de 5,9
01 may. 2022,Mal por que no es lo que quiero.,Calificación 1 de 5,1
19 dic. 2022,Al conectar los auriculares el táctil enloquece y lo q apenas toques se dispara y abre todo. Controlen eso al recibirlo. El lugar donde va el oido para las llamadas horrible pero no es solo en este cel si no en todos. Sonido bueno. Camara frontal mala calidad. Conseguis carcasas y protector baratos. Para ser un cel económico está bien. Pero controlen lo del auricular. No lo devolví porque no sabían cuando me iban a reembolsar un mes mínimo. No podía esperar. Uso los bluetooth y ya. Espero les sirvaa mi opinión.,Calificación 2 de 5,3
07 nov. 2022,Muy básico. No cumple con mis expectativas. El audio empezó a tener problemas y ahora el micrófono. Hay que reiniciarlo para que vuelva a funcionar. No es lo que acostumbraba ver en samsung.,Calificación 2 de 5,3
16 sep. 2022,"La cámara frontal es malisima, y cuando está enchufado no se puede usar (es como que funciona mal el táctil). Después el resto bien.",Calificación 2 de 5,3
26 sep. 2022,Empezo a fallar.,Calificación 2 de 5,2
03 nov. 2022,"No tiene buena cámara, las fotos salen feas.",Calificación 2 de 5,1
13 sep. 2022,Compré dos equipos uno de ellos tiene problemas de software y se reinicia cada tanto o queda una parte de la pantalla oscura. Una lástima!!!.,Calificación 2 de 5,1
26 jun. 2024,Malo.,Calificación 2 de 5,0
10 jun. 2024,La pantalla táctil periódicamente carajea (se vuelve loca) y lo tengo que reiniciar. No lo devolví porque lo necesitaba urgente. No lo volvería a elegir.,Calificación 2 de 5,0
07 jun. 2024,"No alcanzo a cumplir los 2 años, se hincho la batería y dejo de funcionar el táctil de la pantalla.",Calificación 2 de 5,0
04 abr. 2024,Vino con varias fallas de fabrica.,Calificación 2 de 5,0
13 mar. 2024,"Típico celular gama baja que inicialmente funciona bien y después de 6 meses o 1 año ya anda muy mal, con mucho consumo de ram y pésimas fotos. Conviene ahorrar un poco mas y comprarse algo mejor.",Calificación 2 de 5,0
09 mar. 2024,No me gustó. Es un celu de gama baja. La cámara es malisima.,Calificación 2 de 5,0
20 dic. 2023,Regular.,Calificación 2 de 5,0
01 dic. 2023,"Se trababa todo. Vino la pantalla defectuosa de fábrica. Leyendo vi que era algo común que vinieran con pantalla fanstama o algo así. Lo devolví, puse un poco más y compré un motorola.",Calificación 2 de 5,0
25 nov. 2023,"Malo el envoltorio, y le faltaban accesorios.",Calificación 2 de 5,0
23 nov. 2023,A veces no responde. Se traba.,Calificación 2 de 5,0
22 nov. 2023,"No me salio bueno, lo use 4 días y lo devolví porque me andaba más lento que mi celu viejito. Al final me compré un moto g82 que estaba apenas más caro, y nada que ver, un golazo.",Calificación 2 de 5,0
15 nov. 2023,"No cumple ni un año, y ya lo tuve q llevar arreglar. Me dijeron q tiene una falla en la pantalla, se ponía loco , escribía solo, llamaba, pensé q era un virus pero no.",Calificación 2 de 5,0
31 oct. 2023,"El peor celular que probé! si bien al usarlo es rapidísimo, a partir del primer mes se empezó a poner como loca la pantalla apretándose todas las opciones incluso llamado gente, eso lo solucionaba apagando y prendiendo la pantalla. También se tilda mucho y se soluciona de la misma manera apagando y prendiendo la pantalla. Pensé que era solo problema de mi celular pero mi vieja y un amigo tiene el mismo modelo y le pasa lo mismo. Así que ya es un problema que vino con este modelo de celular, para nada lo recomiendo.",Calificación 2 de 5,0
23 sep. 2023,"Buen funcionamiento, pero la batería es muy mala, de las peores. -.",Calificación 2 de 5,0
21 sep. 2023,Bueno.,Calificación 2 de 5,0
15 sep. 2023,"Entiendo que es gama baja, pero esperaba un poco mas de una marca como samsung. Muy malo, es peor que un celu chino.",Calificación 2 de 5,0
26 ago. 2023,La verdad esperaba algo mejor ae tilda la calidad de la camara noche es mala.,Calificación 2 de 5,0
15 ago. 2023,Se tilda mucho. Queda la pantalla oscura y de esa manera los deja muy mal parado en calidad.,Calificación 2 de 5,0
12 ago. 2023,Malísimo. O el mío vino fallado. Nose.,Calificación 2 de 5,0
12 ago. 2023,El producto me pareció bueno pero tuve un problema que se me tilda y aveces se toca solo !!.,Calificación 2 de 5,0
09 ago. 2023,Paso menos de un año de uso. Y comienzan a fallar. Compre 2. Y los dos están fallando. Quedan lentos. Se tildan. Tardan mucho en prender. No los compraría.,Calificación 2 de 5,0
02 ago. 2023,"Vino con fallas, extraño porque se traba un poco al usarlo con apps normales, pese a cerrar aplicaciones e intentar optimizar su uso.",Calificación 2 de 5,0
26 jul. 2023,Me deshice del teléfono a los 3 meses.,Calificación 2 de 5,0
24 jul. 2023,"El táctil suele fallar, debo tocar el botón de encendido para poder seguir usando. Tuve problemas con la batería y necesité ayuda técnica de samsung. Tampoco es muy rápido pero por el precio no puedo pretender algo mejor.",Calificación 2 de 5,0
25 jun. 2023,"Para salir del paso está bien, pero no más que eso.",Calificación 2 de 5,0
23 jun. 2023,"El tactil de la pantalla en extremo sensible, las fotos de mala calidad por ser samsung.",Calificación 2 de 5,0
22 jun. 2023,Dos años y la batería no va más. Flojo para ser samsung.,Calificación 2 de 5,0
15 jun. 2023,"Más o menos, hubiese esperado algo mejor de la marca, no le doy mucha importancia a la cámara no esas cosas, pero si me molesta q es lento y a veces se traba, hay q reiniciarlo, no lo volvería a comprar.",Calificación 2 de 5,0
12 jun. 2023,Compre 2. Salieron los 2 igual de malos. A los meses la camara empieza a fallar y la bateria tambien.,Calificación 2 de 5,0
04 jun. 2023,"No anda bien la señal , ahi que siempre reeniciarlo.",Calificación 2 de 5,0
16 may. 2023,No lo volvería a comprar todos los días tengo que reiniciar lo xq siempre hay algo que no anda y eso que le tengo hace solamente 8 meses.,Calificación 2 de 5,0
01 may. 2023,"Para el poco tiempo de uso que tiene el aparato, ya está dejando de funcionar correctamente el táctil, raro en samsung.",Calificación 2 de 5,0
03 abr. 2023,"Me esperaba algo mejor. Se tilda, se enloquece la pantalla, cada tanto tenes que apagarlo y prenderlo denuevo, no tengo juegos ni aplicaciones raras. Decepcionado totalmente y lamento no haber comprado motorola. Lo único rescatable es que le dura la batería y teléfono motivo debe ser que te moris de rabia al usarlo y x eso le dura.",Calificación 2 de 5,0
14 mar. 2023,"Hola el sonido se va deja de funcionar tengo que reiniciarlo para activarlo se nuevo, la velocidad de reaccionar tambien es lenta. Voy a hablar si me vuelve a ocurrir lo del sonido es muy extraño!!!.",Calificación 2 de 5,0
10 mar. 2023,Con el tiempo anda lento.,Calificación 2 de 5,0
01 mar. 2023,"Funcionó bien 8 meses y al actualizar el software comenzó a funcionar muy mal. Carga la batería a veces, se enloquece el volumen y se pone en silencio sólo, no recepta el auricular y no sé si algo más no funciona porque el uso que hago es bastante básico. Una lástima porque era un buen teléfono en relación precio-calidad.",Calificación 2 de 5,0
01 mar. 2023,"No salio bueno este telefono. A los pocos meses de usarlo ya presenta fallas, sobre todo en la pantalla y el tactil. No lo recomiendo.",Calificación 2 de 5,0
26 feb. 2023,"La cámara es de mala calidad, se ve distinto que cualquier otro samsung. Además aveces hay que tocar la pantalla varias veces para que responda el celu, como que no funciona del todo bien lo táctil. El cargador del celular se calienta a los 20' de enchufado, se calienta por demás. Pone unos pesos más y compra otro.",Calificación 2 de 5,0
13 feb. 2023,Regular.,Calificación 2 de 5,0
28 ene. 2023,Lento se tilda.,Calificación 2 de 5,0
17 ene. 2023,Lo compré en septiembre y ya se rompió la pantalla.,Calificación 2 de 5,0
28 dic. 2022,"Bastante caro para la calidad de cámara es relativamente pequeño, no es lo que esperaba.",Calificación 2 de 5,0
30 nov. 2022,No me anda bien es lento.,Calificación 2 de 5,0
25 nov. 2022,El equipo no es malo. Es sistema operativo ufff un desatre. No puede ser que un celular nuevo se tilde mucho siendo q es nuevo y o no hablar de la pantalla q se vuelve loco. No sé la recomiendo a nadie.,Calificación 2 de 5,0
20 nov. 2022,"Muy mala calidad, vengo de samsung a20. Dos calidades muy distintas.",Calificación 2 de 5,0
16 nov. 2022,Llevo 8 meses con el producto y comenzó a fallar el táctil y todavía no he recibido respuesta de la garantía.,Calificación 2 de 5,0
08 nov. 2022,"A los 10 dias dejo de funcionar, no prende.",Calificación 2 de 5,0
07 nov. 2022,A las 24 hs de ponerlo en funcionamiento la pantalla quedó negra.,Calificación 2 de 5,0
21 oct. 2022,"Al poco tiempo empezó a tratarse y hacia video llamadas, llamas via washap a cualquiera. Tambien se tilda y o no responde al táctil. Eso que lo vengo actualizando.",Calificación 2 de 5,0
11 oct. 2022,No trae auriculares y el celu es lento tendría que aver pagado un poco más por algo más bueno.,Calificación 2 de 5,0
08 oct. 2022,El celular vinl con una falla en el botón de ensendido.,Calificación 2 de 5,0
02 oct. 2022,"A un mes de la compra, ya empezo a dar problemas con el boton de encendido, llegando al momento de no volver a prenderse,. Ahora lo tengo que mandar al service.",Calificación 2 de 5,0
25 sep. 2022,A los dos meses se rompieron los botones laterales.,Calificación 2 de 5,0
16 ago. 2022,"Aceptable, esperaba más de samsung para este modelo, haciendo mea culpa tendría que haber leído mejor las características.",Calificación 2 de 5,0
19 ago. 2022,Y la verdad flojo el táctil no agarra aveces.,Calificación 2 de 5,0
28 jul. 2022,"No tiene entrada micro usb, no lo recomiendo.",Calificación 2 de 5,0
12 ago. 2022,"Tengo 3 semanas usandolo y no es lo q esperaba, cuando abres le maps y apagas la pantalla como para guardarlo en bolsillo, vuelves abrir maps y esta perdido hasta q al rato te dice por donde vas. La otra ves entre al subte se desconecto la señal y en lo sali a al superficie no la agarraba tuve q reiniciar, tengo el de 4gb y 128gb. Veamos como se comporta.",Calificación 2 de 5,11
06 jul. 2022,No es muy practico para usar. Es preferioble comprar otra marca.,Calificación 2 de 5,0
05 may. 2022,Masomenos. Hace como una especie de descarga el parlantito al poner videos con audios.,Calificación 2 de 5,2
14 jun. 2022,"Bueno, complicado para ingresar a mis cuentas, imposible con el reconocimiento de rostro!!! he tenido que abandonar por no poder entrar a mis cuentas. Un inconveniente que no me permite utilizarlas. Espero saquen todas esas trabas. Si estoy en mi teléfono, pongo correo, pongo mi clave que mas!!! lo mismo me sucede desde mi tablet. Imposible ingresar!!!! en vez de hacer las cosas mas ágiles, ponen más trabas. La tecnología cada vez más complicada.",Calificación 2 de 5,17
21 jul. 2022,"Yo tenía un xiaomi redmi 8 (nada extraordinario) hace 3 años que dejó de andar su antena. Pasar a este samsung fue como retroceder al medioevo (en concordancia con la evolución económica del país, que en definitiva me impide comprarme algo mejor). La asociación protectora de paneles táctiles me está por demandar por malos tratos, pero sino no responde. Hablando enserio, mucha capacidad de almacenamiento, pero es lento, el táctil duro, no tiene lector de huellas digitales. Hasta la victoria siempre!.",Calificación 3 de 5,23
28 ago. 2022,"La verdad que me parece flojo. Tengo problemas para la grabación de audios (al grabar se escucha muy bajo, lo mismo pasa con los audios de whatsapp). Para grabar entrevistas no puedo usar porque luego no se escucha y necesito por mi trabajo. Además tengo problemas en la comunicación con algunas personas porque hay un delay o demora importante, que no logro resolver.",Calificación 3 de 5,8
21 jun. 2023,Em más de una oportunidad hubo que resetearlo a condiciones de fábrica. Cuando se actualiza el sofware el celu se vuelve loco.,Calificación 3 de 5,2
19 ene. 2023,"El teléfono anda bien, redes sociales, jueguitos, whatsapp, todo bien. Ahora la cámara, tema aparte. Mala mala malisimamente mala. Ambas, frontal y trasera. Cero definición, mala nitidez. Parece que siempre hay humo donde estes que te saques una foto con este celular. Si te gusta sacar fotos. No te compres este teléfono. Por suerte yo tengo un buen telefono. Este se lo compró mi marido que es mickey mouse y no quiere gastar.",Calificación 3 de 5,1
20 ago. 2024,"Es un celular básico. Cuando se le exige, no responde bien. Después de un año de uso empieza a mostrar fallas en el táctil. Sirve para lo básico y poco más.",Calificación 3 de 5,0
18 jul. 2024,"Si bien samsung la rompe, la camara frontal es muy mala para lo que es hoy en día, lo compré pensando en las cursadas virtuales y no servía para el caso.",Calificación 3 de 5,0
18 may. 2024,Lo único q me desilusionó fue qal ser nuevo el mismo se tilde ✔️ se supone q venia de fabrica y ya tenia una falla. Después todo bien.,Calificación 3 de 5,0
01 may. 2024,"Un poco lento, pero dentro de lo económico, sirve.",Calificación 3 de 5,0
30 abr. 2024,"Demasiado para el uso que uno le da bastante bien en cuanto a batería y sistema operativo, lo demás es acorde para que lo necesitas si es para trabajar recomiendo otros si es para llamar y mensajes tienes telefono para rato.",Calificación 3 de 5,0
23 abr. 2024,No es gran cosa. No volvería a comprarlo.,Calificación 3 de 5,0
06 abr. 2024,"La calidad del vidrio de la pantalla malisimo, el software de regular a malo.",Calificación 3 de 5,0
09 mar. 2024,Bien para un teléfono de gama de entrada.,Calificación 3 de 5,0
09 feb. 2024,"Buen celular gama media, en ese momento valía menos de la mitad, la verdad que el precio actual es demasiado.",Calificación 3 de 5,0
19 dic. 2023,"Tuve varios de esta marca,jamas tuve problemas,pero este en particular salio maso,se tilda seguido,la verdad yo no lo recomiendo.",Calificación 3 de 5,0
11 dic. 2023,"Me ayudo y sirvió para el momento en que lo compre. Es u ni, es preferible gastar en un modelo ub poco mejor. Cámara trasera saca muy bien. Cámara selfie frontal horrible. Batería, tira. Ya despues de un año, si usas a full el celular se agota enseguida. A veces se tilda y tenes que como bloquear y desbloquear el celular para que siga funcionando. Velocidad esperada a la calidad. Pero si usas para las funciones o aplicaciones básicas y no sos tan ansioso o no le das tanta bola a las. Fotos, saca, sino es preferible un modelo mejor.",Calificación 3 de 5,0
03 dic. 2023,"Compre el de 4gb, a medio pelo, tira el free, roblox, strumble y para de contar. Pleno 2024 casi y trae micro usb.",Calificación 3 de 5,0
26 nov. 2023,Desde nuevo que tiene problemas en la pantalla para deslizar.,Calificación 3 de 5,0
19 nov. 2023,"Honestamente, el rendimiento del teléfono es bueno. El problema surge cuando, a veces (siempre), la pantalla táctil del teléfono se vuelve loca, pulsando en todos lados y obligándome a tener que apagar la pantalla y volver a encenderla. Sería bueno si se quedara ahí, pero también el botón de encendido está hundido y ya no siento la sensación cuando lo aprieto para encender o apagar la pantalla. Honestamente, no lo recomiendo por esto mismo; la velocidad de uso se ve muy afectada por estos casos muy habituales. Ya llamé a mi ex sin querer por culpa de este problema táctil, todo un tema. Volviendo al rendimiento, todo bien, lo uso para trabajar y para eso solamente. Cuando le instalé algún juego, no hubo problemas, pero en fin. ¡por su pantalla táctil, no lo recomiendo nadaaa.",Calificación 3 de 5,0
17 nov. 2023,Al poco tiempo ya se tildaba.,Calificación 3 de 5,0
14 nov. 2023,No vino liberado.,Calificación 3 de 5,0
13 nov. 2023,"Lo compre pensando que era el más barato y es muy caro para lo que ofrece, una cámara malísima y se traba al sacar una foto, teléfono lento y sobrecalentamiento.",Calificación 3 de 5,0
08 nov. 2023,"Está bueno, lastima q me lo robaron.",Calificación 3 de 5,0
24 oct. 2023,La cámara no tiene buena calidad.,Calificación 3 de 5,0
18 oct. 2023,Para el precio y memoria está bien. No es muy veloz.,Calificación 3 de 5,0
18 oct. 2023,"Safa, no esta muy bueno, porque primero lo tuve que cambiar ya que la pantalla por momentos se veía borroso, ahora con este por momentos se me tilda y lo tengo que apagar y volver a encender.",Calificación 3 de 5,0
17 oct. 2023,"Y safa, se lo compré a mi tía.",Calificación 3 de 5,0
02 oct. 2023,Bueno.,Calificación 3 de 5,0
24 sep. 2023,"En relacion de precio-calidad es muy bueno. Al principio es todo color de rosas, pasan los 6 meses y el celular se empieza a trabar, deja de funcionar bien el tactil y hay q apagar el celular para que vuelva a andar el tactil. La camara podria ser mejor. Los audios tienen saturacion.",Calificación 3 de 5,0
24 sep. 2023,"O es un mal teléfono o es una mala partida, la sensibilidad de la pantalla es muy temperamental, hay momentos que va bien y momentos que va mal. Samsung trae un paquete de apps propias que si no usas solo estorban. Me quedo con su equivalente en motorola.",Calificación 3 de 5,0
22 sep. 2023,Es lo que se espera de un celular de esta gama.,Calificación 3 de 5,0
17 sep. 2023,Calidad media.,Calificación 3 de 5,0
14 sep. 2023,Bueno pero calidad regular.,Calificación 3 de 5,0
10 sep. 2023,👍.,Calificación 3 de 5,0
02 sep. 2023,Al mes de comprarlo empezo a fallar la pantalla y se traba.,Calificación 3 de 5,0
18 ago. 2023,"Por lo que vale esta bien pero es para un uso muy basico, y a veces se cuelga.",Calificación 3 de 5,0
11 ago. 2023,Lo malo que no carga la batería ensendido tengo que apagar para cargarlo.,Calificación 3 de 5,0
06 ago. 2023,Bueno. Satisfizo la es. Pectativa.,Calificación 3 de 5,0
31 jul. 2023,Fue para regalo y esta conforme.,Calificación 3 de 5,0
29 jul. 2023,"Mucho menos de lo que esperaba, no tiene nada de lo que uno espera de un celular nuevo.",Calificación 3 de 5,0
28 jul. 2023,Medio pelo podría estar mejor.,Calificación 3 de 5,0
23 jul. 2023,Es bueno abeses si tilda un poco pero anda bien.,Calificación 3 de 5,0
22 jul. 2023,"La verda la me gusto , lo peor la calidad de la pantalla, no pido una super pantalla 100 srgb peromuy apagada , la camara muy decepcionado, fue un regalo para una persona grande que no lo usa tanta pero parecería otra cosa , por le resto funciona bien.",Calificación 3 de 5,0
22 jul. 2023,Poca memoria. Queda lento el sistema. No reacciona. No volver a comprar este modelo.,Calificación 3 de 5,0
22 jul. 2023,"Esto es para comprarlo en relación precio calidad. No te vas a sorprender pero el producto no es malo. En lo personal se aguanto varias caídas, no se traba ,y fotos bien.",Calificación 3 de 5,0
14 jul. 2023,Malisimo es un teléfono refabricado y se tildan se apaga solo. Lo peor que compre.,Calificación 3 de 5,0
08 jul. 2023,Gama media bien.,Calificación 3 de 5,0
05 jul. 2023,👍.,Calificación 3 de 5,0
02 jul. 2023,Es un producto par safar nada más!.,Calificación 3 de 5,0
26 jun. 2023,Fue un regalo. Pero se que la pantalla es muy sensible. Querés seleccionar algo y selecciona varias cosas a la vez.,Calificación 3 de 5,0
24 jun. 2023,A los 3 meses me des once la sim y debo apagar lo. Además la cámara frontal es malisima.,Calificación 3 de 5,0
20 jun. 2023,Bueno.,Calificación 3 de 5,0
19 jun. 2023,No es lo que esperaba. Este tel me hizo pasarme a moto.,Calificación 3 de 5,0
08 jun. 2023,"Malo, no soporta el uso standar de un adulto. Hay que reiniciarlo todo el tiempo,.",Calificación 3 de 5,0
05 jun. 2023,"Se hizo garch**** a la primer caída. La cámara no es su fuerte, la velocidad tampoco. Mil veces optaría por un motorola.",Calificación 3 de 5,0
05 jun. 2023,"Safa,no mas.",Calificación 3 de 5,0
31 may. 2023,Tiene problemas con el pin de carga.,Calificación 3 de 5,0
28 may. 2023,Muy mala la camara. Pero bueno por el precio que lo pague no se podia pedir mucho.,Calificación 3 de 5,0
27 may. 2023,Malísima la batería.,Calificación 3 de 5,0
20 may. 2023,No es muy buena su pantalla una caída y se partió. No me gustó.,Calificación 3 de 5,0
20 may. 2023,Esta bueno el celular pero lo malo es q se tilda mucho y la cámara de 48 no tiene muy buena definición. Pero recomendable.,Calificación 3 de 5,0
16 may. 2023,Muy medio pelo.,Calificación 3 de 5,0
15 may. 2023,No lo recomiendo xq no anda para nada bien se tilda todo el tiempo. Y anda super lento.,Calificación 3 de 5,0
15 may. 2023,Relación precio y calidad. No es el mejor.,Calificación 3 de 5,0
14 may. 2023,Anda pero no es lo que esperaba creía que por ser samsung no me iba a fallar pero ay celulares del mismo valor o que poniendo un mango más son mucho más completos. Mi recomendación es que si lo usan solo para watsat o hablar sirve para cosas más complejas no sirve. Espero que con esta opinión pueda ayudar a alguien a no cometer el mismo error.,Calificación 3 de 5,0
13 may. 2023,"Relación precio calidad bien, lo que es malo es el software que tiene errores que aún con update no se corrigen, tanto en la conexión 4g que aun figurando activa permanece sin conexión, el volumen y algunas apps, por lo que es seguro que una vez por semana hay que reiniciarlo. El error mas común es sobre el volumen el cual deja de responder y dejan de sonar los sonidos de mensajes y de whatsapp hasta que se reinicie.",Calificación 3 de 5,0
04 may. 2023,"Bueno, es un celular para zafar, en líneas generales anda muy bien, pero el táctil es bastante malo.",Calificación 3 de 5,0
26 abr. 2023,Bien.,Calificación 3 de 5,0
26 abr. 2023,No es muy buen teléfono.,Calificación 3 de 5,0
26 abr. 2023,Fallo al mes pero la garantia estuvo a la altura!!!!.,Calificación 3 de 5,0
27 mar. 2023,No era lo que esperaba.,Calificación 3 de 5,0
09 mar. 2023,No es gran cosa. La cámara es mala. Cumple.,Calificación 3 de 5,0
07 feb. 2023,Tiene menos prestaciones importantes que las versiones anteriores de android. No podes notificar whatsapp!!. No podes ver la resolución de las cámaras. Para todo tenes que dar más pasos. La cámara selfie sale medio pelo.,Calificación 3 de 5,0
06 feb. 2023,"Funciona muy bien, lo uso normal, no lo probe con juegos, pero es bastante rapido, lo malo es que viene con micro usb y no tipo c.",Calificación 3 de 5,0
02 feb. 2023,Demasiado bien. Por precio. Y para uso de persona mayor. Audio. Medio pelo. Muy agudo.,Calificación 3 de 5,0
30 ene. 2023,Vino con una falla; empieza a saltar de una aplicación a otra y uno debe apagarlo y reiniciar. No lo devolví porque me quedaba sin celular. Al final lo cambie conmi sobrino y el le agarro la mano para volverlo a la normalidad en forma más rápida. Pésima compra porque el producto vino con falla.,Calificación 3 de 5,0
29 ene. 2023,"Normal, anda por el precio mucho no se puede pedir. -.",Calificación 3 de 5,0
28 ene. 2023,"El teléfono está bien pero no me gustó que el pin de carga es de modelo muy viejo, le van cargadores de antes, no de los actuales.",Calificación 3 de 5,0
28 ene. 2023,Lo mas incómodo es tener los botones de volumen y encendido en la misma linea. Buena performance por el precio. Un poco pesado.,Calificación 3 de 5,0
26 ene. 2023,"Funciona bien, pero es muy lento y la pantalla es muy basica parece un celular con pantalla del año 2015.",Calificación 3 de 5,0
25 ene. 2023,"Me pareció sumamente rato que el teléfono no venga ni con manual de usuarios ni con auriculares, la primera vez que me pasa. Lo demás x el momento bien.",Calificación 3 de 5,0
25 ene. 2023,De acuerdo a lo experado.,Calificación 3 de 5,0
25 ene. 2023,Corriente.,Calificación 3 de 5,0
12 ene. 2023,Por lo que pague no podia esperar mucho mas pero cumple su funcion.,Calificación 3 de 5,0
11 ene. 2023,"En ocasiones, no responde a las aplicaciones que se pide se queda tildado.",Calificación 3 de 5,0
01 ene. 2023,Producto de calidad media. Con buena calidad de almacenamiento y procesador bastante rapido. El precio esta mas que bien para las prestaciones del telefono.,Calificación 3 de 5,0
30 dic. 2022,Tuvieron que cambiarmelo porque el microfono andaba mal.,Calificación 3 de 5,0
29 dic. 2022,"Antes tenía un motorola y los diferentes accesos eran más directos. También podía ver la hora apenas lo levantaba, lo que era muy útil y práctico y tenía la linterna con movimiento. El sansung no tiene todo esto.",Calificación 3 de 5,0
28 dic. 2022,"Yo casi todo compro x mercado pero los precio es iguales quizá un poco más caros, q adquir en otro negocio. Gracias.",Calificación 3 de 5,0
27 dic. 2022,"Preferible gastar unos pesos mas y comprar algo mejor, al instalar las aplicaciones basicas ya se vuelve imposible de usar.",Calificación 3 de 5,0
24 dic. 2022,Tubo un golpe y se partió la pantalla.,Calificación 3 de 5,0
19 dic. 2022,"Lo compre para mi hijo y los juegos no le andaban muy bien, eso hizo que lo tenga que actualizar con android 12 ya que era una posible solución para que deje de fallar. Luego de esto el problema desapareció pero me dió dolores de cabeza al principio.",Calificación 3 de 5,0
11 dic. 2022,Hace un mes que lo tengo y aveces se tilda. El resto bien.,Calificación 3 de 5,0
06 dic. 2022,Correcto.,Calificación 3 de 5,0
05 dic. 2022,Básico básico lo necesario para algunas cosas baratito sin lector de huella descartable para uno o dos años. Medio berreta para el precio.,Calificación 3 de 5,0
05 dic. 2022,"De todos los samsung que he comprado este es el peor, se bloquea, se tilda, el bluetooth a veces no se conecta, tiene buena camara pero me hace renegar mucho.",Calificación 3 de 5,0
02 dic. 2022,"Es un celular bueno en cuestión de velocidad y espacio y muy óptimo q se puede agregar memoria expancible, la cámara deja mucho q desear.",Calificación 3 de 5,0
02 dic. 2022,No es buen teléfono.,Calificación 3 de 5,0
01 dic. 2022,Ordinario.,Calificación 3 de 5,0
29 nov. 2022,"Bueno, pero tiene el problema que la bateria dura mucho menos que cualquier otra del estilo. -. Sera una falla de fabrica?.",Calificación 3 de 5,0
26 nov. 2022,"Muy bueno y económico pero según veo, en un año o dos pasara a ser de gama baja, recomiendo ahorrar un poco más y comprar algo más potente, aunque eso depende del uso que se le quiera dar al celular.",Calificación 3 de 5,0
24 nov. 2022,"Bastante decepcionante. La batería se gasta rápido, la carga es lentisima, la entrada del cable es de las viejas. El resto del cel es mb como todos los samsung. Pero pagaría mas por un modelo más nuevo.",Calificación 3 de 5,0
22 nov. 2022,El celu anda bien. Por la plata que sale es bueno.,Calificación 3 de 5,0
17 nov. 2022,Me pareció raro que el celular no traiga los auriculares 🎧.,Calificación 3 de 5,0
09 nov. 2022,"Opinion actualizada 14/08/23: el celular no es lo que espere en un principio, lo compre cuando estaba en $45. 000 la pantalla es dura y cuesta que reconozca el dedo, la calidad de imagen en la pantalla es precaria, mi j4 tiene una pantalla de mucho mejor calidad con colores muchos mas nitidos, lo que mas me decepciono es su camara frontal, a pesar de tener 5 mp la calidad es precaria para interiores tenes que tener mucha luz para que salgan decentes, la bateria aguanta bastante 1 dia como mucho con uso intensivo, lo cual esta bastante bien, el almacenamiento compre la version de 64gb pero incluye tambien hasta 128 y la ram 4gb, el rendimiento se la aguanta bastante para aplicaciones pesadas, como alexa, amazon, u otras apps mal optimizadas, pero sin embargo ya para juegos no es apto ya que se lagea bastante, para apps pesadas se la banca con sus 4gb de ram, el rendimiento en general para uso para redes sociales y comunicacion es ligera y buena. En definitiva no vale la pena comprar este celular al precio actual que escribo esto 14/08/2023 ya que esta cerca de $100. 000 y la calidad es decepcionante, no es la mejor opcion para un presupuesto de $100. 000 hay opciones iguales de mejor calidad en todos los sentidos, almacenamiento, camara y rendimiento, este celular es bueno en tema de rendimiento y durabilidad de la bateria, pero de forma limitada ya que para juegos tampoco se la banca tanto, si queres un celular para sacar fotografias o selfies o para jugar no es el indicado.",Calificación 3 de 5,0
07 nov. 2022,"Opcion económica. Tiene buena ram, se ve sólido. La cámara es pesima.",Calificación 3 de 5,0
07 nov. 2022,"Digamos que funciona, no se si cierra el precio calidad, parece que es la linea alemana bergen chotem.",Calificación 3 de 5,0
04 nov. 2022,Poco color. El j7 que antes tenía era mucho más nítido y colores intensos.,Calificación 3 de 5,0
02 nov. 2022,Todo en orden.,Calificación 3 de 5,0
01 nov. 2022,Correcto.,Calificación 3 de 5,0
27 oct. 2022,Se tilda y hay que bloquearlo y desbloquearlo.,Calificación 3 de 5,0
25 oct. 2022,La verdad esperaba algo mejor. La cámara no es nada buena. Y es lento!.,Calificación 3 de 5,0
19 oct. 2022,Por no tener detector de huellas nada mas.,Calificación 3 de 5,0
18 oct. 2022,Esta re bien para lo que sale.,Calificación 3 de 5,0
04 oct. 2022,El movil esta de acuerdo al valor correspondiente.,Calificación 3 de 5,0
04 oct. 2022,Bueno.,Calificación 3 de 5,0
04 oct. 2022,Malisimo. No duro ni 3 meses que le empezo a fallar todo de la nada. Le compre todos los protectores pero de una para el otro comenzo a tener problemas y ya ni sirve. No es muy recomiendable.,Calificación 3 de 5,0
03 oct. 2022,"Compre este celular para una persona grande, que no usa tanto el celular, y la verdad hasta ella noto que anda un poco lento, no por la ram, sino por el procesador, ella tenia un a10 que solo le faltaba ram, compre este ya que tenia bastante mas pero se nota que es un celular economico.",Calificación 3 de 5,0
01 oct. 2022,"Buen producto, la camara podria mejorar.",Calificación 3 de 5,0
30 sep. 2022,"Maso, no lo conocía no es lo que esperaba.",Calificación 3 de 5,0
28 sep. 2022,Me pareció muy bueno y era justo lo q buscaba.,Calificación 3 de 5,0
28 sep. 2022,Bueno por la capacidad de memoria.,Calificación 3 de 5,0
26 sep. 2022,"Lamentablemente apenas a los 3 dias de comprado tuvo un defecto en el boton de apagado y encendido. Me reenvolsan el 15% del pago total por ser un producto defectuoso. Hubiera preferido no tener que aceptar esto, pero como es un elemento de trabajo lo sigo necesitando activo. No puedo devolverlo.",Calificación 3 de 5,0
22 sep. 2022,"Buen aparato,básico y muy buen menú.",Calificación 3 de 5,0
21 sep. 2022,"Para el uso de telefonía, redes sociales y wsp esta bien. Adecuado el precio para las funciones del aparato.",Calificación 3 de 5,0
20 sep. 2022,Bueno. Está de acuerdo al precio. Baja calidad de imagen. Pero funciona bien!.,Calificación 3 de 5,0
20 sep. 2022,"No me convence demasiado, cuando abro face o wattsap se cierran solas las aplicaciones. El resto bien.",Calificación 3 de 5,0
15 sep. 2022,"Hasta la fecha muy bien, pienso que un futuro estare para un comentario mas amplio.",Calificación 3 de 5,0
15 sep. 2022,Bueno es lo que esperaba por el precio.,Calificación 3 de 5,0
13 sep. 2022,"Tiene problema el táctil,si está apoyado,en reposo, no quiere funcionar.",Calificación 3 de 5,0
09 sep. 2022,"Las prestaciones muy bien, me molesta un poco el largo del mismo, es muy largo por el ancho que tiene.",Calificación 3 de 5,0
08 sep. 2022,"Compre dos equipos. Un equipo funciona re bien. El otro no funciona. Se tilda, se sale de las aplicaciones, un desastre. Llame mil veces a samsung, lo reestableci de fabrica todo pero sigue fallando. Supuestamente ahora la garantía me lo va a reconocer. Veremos. Y si es así cambiaré la calificación.",Calificación 3 de 5,0
07 sep. 2022,"Salió muy malo,no se si era recauchutado o fallado.",Calificación 3 de 5,0
26 ago. 2022,Está bueno! lo mejor es que tiene mucho espacio de almacenamiento. Es rápido. Le saco 2 estrellitas porque la calidad de las fotos no es muy buena.,Calificación 3 de 5,0
26 ago. 2022,"Más o menos bueno, tiene problemas con el brillo hay veces que se baja solo o se pone amarillento.",Calificación 3 de 5,0
23 ago. 2022,"Es buen producto, pero básico en las funciones.",Calificación 3 de 5,0
21 ago. 2022,"Es un celular lindo y grande pero el táctil es bastante duro,por lo que necesitas más presión sino no reacciona. No estoy conforme con eso,si hubiera sabido gasto un poco más pero con algo que funcione como esperaba,es un garrón hay que hacer todo más lento de lo normal. Lo demás bien.",Calificación 3 de 5,0
19 ago. 2022,Recién lo estoy usando me parece bien gracias.,Calificación 3 de 5,0
17 ago. 2022,Bueno. Precio/ calidad de 10. La cámara frontal es pésima lo demás para un uso básico bien.,Calificación 3 de 5,0
16 ago. 2022,El hardwore es muy bueno pero creo que el software de motorola es mejor.,Calificación 3 de 5,0
16 ago. 2022,"El celular , es bueno, realmente es complicado en algunas aplicaciones. No lo recomiendo.",Calificación 3 de 5,0
15 ago. 2022,"Hace un mes qe lo tengo ,nada para sobresalir, celular de velocidad media y camara normal que no da sorpresas y su bateria si le das uso no aguanta ni 20 hs. Esperaba algo mejor con 4gb de ram y camara de 50 mpx. Aguante motorola.",Calificación 3 de 5,0
11 ago. 2022,"Esta buena, disconforme con la calidad de la cámara.",Calificación 3 de 5,0
06 ago. 2022,Me anda un poco tildado por rato cuando se enfría el celu. Pero los demás bien.,Calificación 3 de 5,0
06 ago. 2022,"Zafa, si quieres un celular para zafar 1 o 2 años, es para vos, no le pidas más ni lo exijas, como segundo celular para el trabajo, zafa.",Calificación 3 de 5,0
04 ago. 2022,Está bueno se la banca y el por precio es mejor.,Calificación 3 de 5,0
03 ago. 2022,"Buen equipo , lo único que la cámara es un desastre , toma colores fríos y las fotos tienen baja resolución, poco nítidas. Tenia un samsung a30s ese sí tomaba muy buenas fotos.",Calificación 3 de 5,0
01 ago. 2022,Es un celular economico y con algunas prestaciones no mas.,Calificación 3 de 5,0
01 ago. 2022,El celular es muy bueno y funciona muy bien! todo esto considerando el precio!.,Calificación 3 de 5,0
01 ago. 2022,No me gustó. Es lento y anda mal el gps. Es incómodo y poco práctico.,Calificación 3 de 5,0
29 jul. 2022,"Esta bueno, pero me anda mal del lado de la a y la q.",Calificación 3 de 5,0
28 jul. 2022,Muy apropiado y bueno y recomendable.,Calificación 3 de 5,0
28 jul. 2022,"Bien, hasta el momento cuenta con lo requerido.",Calificación 3 de 5,0
26 jul. 2022,Bueno. Pero lo único malo que tiene es que se tilda. Pero cumple perfecto todas las funciones.,Calificación 3 de 5,0
25 jul. 2022,"El funcionamiento en general es muy bueno. El sist operativo funciona correctamente. La pantalla es correcta para la gama. Tiene buena cámara y excelente capacidad de almacenamiento. Lo malo es el tiempo de carga, muy lento.",Calificación 3 de 5,0
20 jul. 2022,Muy bueno tiene las características enumeradas en la publicación.,Calificación 3 de 5,0
20 jul. 2022,Buena asta aora funciona bien buen precio para la gama del tlf.,Calificación 3 de 5,0
19 jul. 2022,"Precio acordé a las funciones más básicas, la camara deja mucho que desear pero el rendimiento es bastante bueno.",Calificación 3 de 5,0
18 jul. 2022,"El celular es bastante básico, a veces hay que apretar dos veces en la pantalla para entrar en una aplicación. Lo compré porque necesitaba mucha memoria y este cumple este requisito.",Calificación 3 de 5,0
15 jul. 2022,Vino sin manos libres. Es un buen producto pero creo que tendrían que completar sus accesorios.,Calificación 3 de 5,0
14 jul. 2022,"Anda que es lo principal, no puedo opinar mucho por que es para una persona grande que solo usa watsap.",Calificación 3 de 5,0
08 jul. 2022,"Por el precio la verdad que esta bien. Pero por lo que puedo ver 3g de ram puede quedar un poco corto, tal vez no tiene tanta fluidez o se traba. Pero como digo por el precio bastante bien.",Calificación 3 de 5,0
08 jul. 2022,No incluye tarjeta memoria. Es un buen producto.,Calificación 3 de 5,0
06 jul. 2022,"Bueno, es todo, si me siguen preguntando no contesto nada.",Calificación 3 de 5,0
27 jun. 2022,"Me pareció muy bueno tiene buen procesador, memoria.",Calificación 3 de 5,0
23 jun. 2022,"Lindo por el precio. Presenta algunas fallas, pero cumple su función.",Calificación 3 de 5,0
22 jun. 2022,"El celu esta bueno, es mala la camara. Al decir que tiene 48mp pense que iba a tener buena resolucion se fotos y videos pero la verdad que no, es muy malo. El resto normal. 128gb 4 de rom. Y por el precio demasiado.",Calificación 3 de 5,0
22 jun. 2022,Buen producto similar a los anteriores poca duración de la batería.,Calificación 3 de 5,0
09 jun. 2022,Es un buen teléfono si no lo necesitas para muchas cosas. En tu casa con wi fi le doy 5 estrellas fugaces.,Calificación 3 de 5,0
08 jun. 2022,Es un hermoso celular era lo q esperaba.,Calificación 3 de 5,0
05 jun. 2022,Buen celular relación calidad precio.,Calificación 3 de 5,0
27 may. 2022,No es lo que esperaba. No lo recomiendo.,Calificación 3 de 5,0
24 may. 2022,"Muy buen producto, buena memoria ram, me sirve para la utilidad que le voy a dar.",Calificación 3 de 5,0
23 may. 2022,Lindo lo compre para mi nieto creo que anda bien no tengo mucho para opinar pero lindo.,Calificación 3 de 5,0
18 may. 2022,El celular anda bien. Bien bien.,Calificación 3 de 5,0
19 abr. 2022,Es bueno el producto es lo que esperaba.,Calificación 3 de 5,0
09 ago. 2022,"Qué so yo, vino el pibe y dice dale comprámelo que dps te lo pago, naaaa papu, primero la platita, xq uno nunca sabe qué puede pasar en esos manejes y, también, uno nunca sabe cómo mierda funcionan los celulares de otras personas.",Calificación 3 de 5,0
07 ago. 2022,"Creo que aunque la versión con mas almacenamiento y mas ram es mejor en relacion precio, si sos un persona con conciencia de clase, y entendes las dinámicas de acumulación del capital la distribución de la riqueza y además de eso sos un usuario que solo lo utiliza para las aplicaciones básicas de una persona de clase trabajadora, sin sumergirte en el derroche de tiempo en las actividades de ocio de tipo gamer, que desvirtúan las relaciones socioafectivas de tu entorno, por que no pudiste acceder a un equipo del tipo consola, y la alienación marginal te condiciona a una tendencia de actitud autodestructiva ludópata, solo si entonces has activado la conciencia de clase, te darás cuenta que si tu estrato social es acorde a esto , entonces no dudes en comprar el celular por que es bueno, la batería dura, la calidad de las fotos aceptable para tu proletariedad, pantalla 16:10, pero escuchame bien, obviamente es barato por que se abarataron los insumos y materiales de fabricación por ende tenes que cuidarlo, no le pongas otro cargador por favor. Ahora si sos burgués o la aporofobia te corroe y necesitas alimentar tu ego y la maquinaria consumidora, dinamitando los recursos del planeta y la mano de obra barata en paises ""sub desarrollados"" o en vías de desarrollo según los discursos progresistas del capital tecnofeudal, bueno hermano o hermana, no se que haces por acá, esta no es tu gamma!.",Calificación 4 de 5,1559
25 may. 2022,"Muy bueno el celular,funciona rápido y la batería dura máximo 1 día y medio o 2 días si no está en mucho uso. La pantalla es bastante grande y yo creo que recomendaría este celular. La cámara frontal es de 5mpx y la trasera de 48mpx,la verdad bastante bien para un celular como este.",Calificación 4 de 5,75
15 jun. 2022,"Es bueno. Lo compre para mi mama, que antes tenía uno del 2013. Tiene muchisimo espacio para ella. Antes tenia como 8 gb de almacenamiento y con este celular no se va a quedar sin espacio. El celular es rapido y hasta es mucho para lo que ella necesita, ya que usa pocas aplicaciones (facebook, whatsapp, mercadopago, youtube). La bateria es muy buena, ella lo carga 1 vez al día y lo usa sin parar. Comparandolo con el celular que tengo yo, samsung a32, puedo decir que la calidad de la pantalla es regular, no tiene carga rapida y la camara es muy pobre teniendo en cuenta estandares actuales. Creo que es una gran compra si usas el celular para trabajar/estudiar. Si queres uno para pelotudear con juegos o para sacar fotos para ig te recomiendo otra opcion.",Calificación 4 de 5,37
12 jul. 2022,"Por el precio me parece un telefonazo, vengo de un moto one macro, y ya estaba quedado en android 10, ya desde ahí vale la pena el update, de cámara es lo mismo basicamente (excepto por la macro obvio). Podría ser mejor; de performance le doy 9/10 xq se glitchean los gráficos del diablo immortal como para dar de referencia, pero juegos más tranquis viajan, después le he instalado de todo y corre de 10;. Si venís de un celu con carga rápida, notas la diferencia;. Para cerrar, yo lo uso para, música, videos, videollamada y comunicación en gral. , y es un telefonazo. Nada esencial que le falte.",Calificación 4 de 5,16
25 ago. 2022,"El procesador, la ram y la memoria de almacenamiento son todo lo que está bien. El micrófono y los parlantes son malos, malos, pero si buscás un celular potente y no te importa tanto eso, por ese precio no conseguís nada mejor. Por último la cámara principal es muy buena, la de selfie es estándar. 9/10, aguante samsung y encima ensamblado en tierra del fuego, tomá pa vo.",Calificación 4 de 5,7
28 may. 2022,"Muy buen teléfono! cumple con todo lo esperado: buena cámara, almacenamiento, diseño y precio súper accesible por el tipo de gama y prestación.",Calificación 4 de 5,2
27 jul. 2024,"Se lo compré a mi hija y le encantó. La cámara no es de mucha calidad, pero no suele usarla asi que no me preocupa, pero si tiene buena batería y una excelente linterna. Ella lo quería más que nada porque la cámara se parece al iphone y lo personaliso como tal.",Calificación 4 de 5,1
20 dic. 2022,"El celular fue adquirido para alguien que lo utiliza sobre todo para redes sociales. Por ahora conforme con el mismo. Al principio se ha trabado por momentos un poco al abrir varias apps a la vez, esto se ha solucionado reiniciandolo. Por ahora la persona se encuentra conforme con el celu. No puedo decir mucho más ya que tiene pocos días de uso, por eso las 4 estrellas. La relación precio calidad es buena.",Calificación 4 de 5,1
09 oct. 2022,"Muy buen celular! yo teng el samsung a31 y es bastante similar. Se lo regale a mi marido, funciona barbaro. Nuestro hijo (de 4 años) se descargo 20 jueguitos y el celular funciona barbaro. Sorprendidos de la capacidad de la memoria (que es lo que nos interesa). La camara frontal la calidad es maso, pero la principal es muy buena. La verdad que muy buen celular, mejor de lo que esperaba.",Calificación 4 de 5,1
14 ago. 2022,"Es un buen celular, teniendo en cuenta su precio. Buena relación precio/calidad. Tiene mucha memoria y funciona muy bien. La batería dura mucho, y me permite estar hasta un día y medio sin cargarlo (o incluso más, dependiendo de su uso). La cámara principal es buena (tiene la función modo retrato, para muy buenas fotos cercanas), no tanto la frontal, aunque por el precio del celular está muy bien.",Calificación 4 de 5,1
26 jul. 2022,"Me encanta mi nuevo celular, yo más q nada lo uso para ver series y películas y jugar, puedo descargarme todo lo q quiera gracias a la memoria q tiene. La batería me dura un día y medio y eso q lo uso bastante. Eso sí, de lo único q me puedo quejar un poco es d la cámara, las fotos no salen muy bien pero tampoco me preocupa tanto.",Calificación 4 de 5,1
06 jul. 2022,"Es un buen dispositivo para las características técnicas que ostenta. Para realizar tareas cotidianas, como redes, mirar algún video, es suficiente. Los 3gb de ram van fluido para ejecutar aplicaciones poco demandantes. La cámara frontal es floja, pero no esperaba mucho de ella. Repito: para un uso diario tranquilo es buen celular.",Calificación 4 de 5,1
22 may. 2022,Muy bueno solo que quedan los auriculares en la parte inferior del celular y no te permite girar la pantalla 180° para poderlos utilizar en la parte superior. En lo demás está muy bien.,Calificación 4 de 5,1
02 jun. 2022,"Producto bueno. Tengo problemas con la app de youtube que no se abre y no permite reinstalala, pero bueno. Es algo del software calculo.",Calificación 4 de 5,1
16 sep. 2024,"Muy buen producto,para la utilización que se le da estamos satisfechos.",Calificación 4 de 5,0
08 sep. 2024,Bueno.,Calificación 4 de 5,0
30 jul. 2024,"Muy bueno el celular. No es de tanta calidad la cámara, pero por el precio bastante conforme igual, en cuanto a capacidad y demás accesorios. Muy bueno igual.",Calificación 4 de 5,0
24 jul. 2024,"Si está bueno es resistente en todo ,anda muy bien.",Calificación 4 de 5,0
30 jun. 2024,Muy buen celular.,Calificación 4 de 5,0
29 jun. 2024,Muy bueno.,Calificación 4 de 5,0
26 jun. 2024,Fixixtkxjtxkyxkyxkyxykxykxyix.,Calificación 4 de 5,0
25 jun. 2024,Bien.,Calificación 4 de 5,0
20 jun. 2024,Muy lindo el celu. Se lo compre para mi hija adolescente.,Calificación 4 de 5,0
02 jun. 2024,Masó no me convenció mucho y con el tiempo el funcionamiento no fue bueno pero ya había pasado el tiempo de cambio o devolución.,Calificación 4 de 5,0
27 may. 2024,Calidad media.,Calificación 4 de 5,0
26 may. 2024,"Por el precio que tiene el producto es buenisimo porque anda super bien. Obvio es un telefono super basico. Si lo vas a usar para navegar en las redes sociales, o realizar operaciones basicas es el telefono indicado. Ahora si lo que buscas es tirar facha, glamur o jugar videos super pesados te recomiendo que gastes mas dinero y te compres algo mas de alta gama. En mi caso el telefono finciona a la perfeccion y no tuve ningun problema. Se me cayo un par de veces y se la re banco. Si buscas algo barato y facil de usar este el el telefono indicado.",Calificación 4 de 5,0
24 may. 2024,Bueno.,Calificación 4 de 5,0
21 may. 2024,"Hace más de 2 años que lo tengo. Impecable la batería. Aguanta banda. Es cómodo. Liviano. La cámara bien. Si queres más calidad y perfección en la imagen, comprate una cámara. Como teléfono, barbaro.",Calificación 4 de 5,0
11 may. 2024,Muy buen producto.,Calificación 4 de 5,0
08 may. 2024,Relación calidad precio aceptable.,Calificación 4 de 5,0
03 may. 2024,Muy buen producto.,Calificación 4 de 5,0
20 abr. 2024,Es un teléfono con las funciones esenciales pero con excelente cámara.,Calificación 4 de 5,0
11 abr. 2024,Muy buenony me sirve para la utilidad que le voy a dar.,Calificación 4 de 5,0
08 mar. 2024,No era para mí la compra.,Calificación 4 de 5,0
18 feb. 2024,Buen celu pero lento.,Calificación 4 de 5,0
15 feb. 2024,Bueno.,Calificación 4 de 5,0
06 feb. 2024,Bueno.,Calificación 4 de 5,0
28 ene. 2024,Ara el uso que mí hijo le da está muy contento y conforme.,Calificación 4 de 5,0
27 ene. 2024,Muy buen producto.,Calificación 4 de 5,0
09 ene. 2024,"No tiene buena cámara, es muy veloz. Se me rompió la pantalla muy rápido. Por un año cumplió su función básica.",Calificación 4 de 5,0
02 ene. 2024,Regular.,Calificación 4 de 5,0
29 dic. 2023,Es un buen aparato.,Calificación 4 de 5,0
25 dic. 2023,"Al pricipio muy bueno, con el tiempo falla, se tilda mucho.",Calificación 4 de 5,0
21 dic. 2023,Bueno en comparación al que tenia en todos sus aspectos.,Calificación 4 de 5,0
18 dic. 2023,Buen celu lástima la ficha de carga y la cámara frontal.,Calificación 4 de 5,0
16 dic. 2023,Por ahora bien.,Calificación 4 de 5,0
13 dic. 2023,Muy bueno.,Calificación 4 de 5,0
13 dic. 2023,"El teléfono excelente relación precio, producto. No es un teléfono de gama alta, pero el precio es muy bueno por las prestaciones del mismo.",Calificación 4 de 5,0
12 dic. 2023,Muy bueno.,Calificación 4 de 5,0
12 dic. 2023,"Mientras lo tuve (5 meses) respondió siempre, pero tampoco es que lo exigía.",Calificación 4 de 5,0
08 dic. 2023,Muy buena relación precio/prestaciones.,Calificación 4 de 5,0
08 dic. 2023,Muy bueno.,Calificación 4 de 5,0
08 dic. 2023,Muy bueno.,Calificación 4 de 5,0
06 dic. 2023,Muy bueno.,Calificación 4 de 5,0
03 dic. 2023,El teclado es muy lento.,Calificación 4 de 5,0
26 nov. 2023,Es lo que esperaba.,Calificación 4 de 5,0
25 nov. 2023,Muy bno.,Calificación 4 de 5,0
24 nov. 2023,Excelente.,Calificación 4 de 5,0
23 nov. 2023,Bueno. Fácil de usar. Buena capacidad de memoria.,Calificación 4 de 5,0
23 nov. 2023,Muy bueno 👌.,Calificación 4 de 5,0
22 nov. 2023,Es un buen teléfono teniendo en cuenta que es bastante económico. Es bastante lento y esperaba más de la cámara pero filma con buena calidad.,Calificación 4 de 5,0
21 nov. 2023,Todo joya.,Calificación 4 de 5,0
15 nov. 2023,Buen producto.,Calificación 4 de 5,0
14 nov. 2023,Recibí mí celu en buen estado y espectacular precio.,Calificación 4 de 5,0
14 nov. 2023,Bueno.,Calificación 4 de 5,0
13 nov. 2023,Por ahora todo muy bien.,Calificación 4 de 5,0
12 nov. 2023,Buen producto lo utiliza mi sobrino adolecente y le resultó muy bien.,Calificación 4 de 5,0
11 nov. 2023,"Como todo lo de samsung, funciona bien y aguatna la paliza.",Calificación 4 de 5,0
07 nov. 2023,Muy bueno productos a mi hijo le junto.,Calificación 4 de 5,0
31 oct. 2023,Para el uso q yo le doy estoy conforme.,Calificación 4 de 5,0
30 oct. 2023,Bueno.,Calificación 4 de 5,0
30 oct. 2023,Hermoso.,Calificación 4 de 5,0
29 oct. 2023,Es un buen producto y funciona bien.,Calificación 4 de 5,0
25 oct. 2023,Bueno.,Calificación 4 de 5,0
23 oct. 2023,Sirvió.,Calificación 4 de 5,0
19 oct. 2023,Acorde a lo pagado.,Calificación 4 de 5,0
17 oct. 2023,Excelente celular muy recomendable.,Calificación 4 de 5,0
11 oct. 2023,Normal.,Calificación 4 de 5,0
05 oct. 2023,Buena calidad precio.,Calificación 4 de 5,0
04 oct. 2023,Andaba mal el audio desde el principio.,Calificación 4 de 5,0
27 sep. 2023,Bueno.,Calificación 4 de 5,0
26 sep. 2023,Es bueno.,Calificación 4 de 5,0
25 sep. 2023,Buen producto buena relación precio-calidad.,Calificación 4 de 5,0
23 sep. 2023,Lindo.,Calificación 4 de 5,0
18 sep. 2023,Muy bueno.,Calificación 4 de 5,0
18 sep. 2023,Lo tengo hace un año ya y todavía tira. Si necesitan una urgencia y deben reiniciar el teléfono va a tardar como 3 minutos en prender. No saca para nada buenas fotos de noche. No tengo mucho mas que decir.,Calificación 4 de 5,0
17 sep. 2023,"Por el precio que tiene, es bueno, pero después de un año y medio se bloquea el aparato y no sirve más. La empresa fantasma que tiene tel inenexistente no se puede reclamar nada.",Calificación 4 de 5,0
12 sep. 2023,"Un celular muy bueno la verdad para el precio que tenia al menos en el momento que lo compre! (nov. 2022 a 50mil). Los primeros dias estuve a punto de devolverlo porque me costo configurarlo y se trababa seguido, pero fue hasta que se actualizó por completo con todas las actualizacion de seguridad y demas que siempre mete samsung. Con el rendimiento estoy muy conforme, no es un telefono al que te convenga exigir con juegos o apps muy pesadas, pero varios te los aguanta y tira bien. Probé incluso hasta un emulador de ps2 y lo corria decente. La cámara no es la mejor, la verdad creo que modelos anteriores como el galaxy j4, j7 tienen una calidad de camara muy superior. Pero en general si lo queres para las actividades normales que haces con un celular es muy buena opción.",Calificación 4 de 5,0
10 sep. 2023,Buen producto.,Calificación 4 de 5,0
09 sep. 2023,Bueno.,Calificación 4 de 5,0
09 sep. 2023,Excelente celular lastima vino con una raya pero bueno puede pasar creo.,Calificación 4 de 5,0
08 sep. 2023,Muy buena calidad para lo que se esperaba.,Calificación 4 de 5,0
07 sep. 2023,Hermoso teléfono! diez puntos.,Calificación 4 de 5,0
04 sep. 2023,Me gusto.,Calificación 4 de 5,0
03 sep. 2023,Ningún problema.,Calificación 4 de 5,0
03 sep. 2023,A03 64gb. Estoy muy conforme con las actualizaciones de software. Y también con el funcionamiento del celular. Si no le cargas juegos pesados funciona bien. La cámara es aceptable si no sos muy exigente. Tiene buena recepción de wi-fi. Y el navegador de samsung está bueno porque podes ver todas las paginas completamente en modo oscuro algo que en chrome y google no se puede hacer. Se la banca el samsung a03 64 gb. Android 13. -.,Calificación 4 de 5,0
31 ago. 2023,Buen producto.,Calificación 4 de 5,0
29 ago. 2023,Limitado.,Calificación 4 de 5,0
28 ago. 2023,Muy buena relación precio-producto!!!.,Calificación 4 de 5,0
26 ago. 2023,"No lo use para mi, fue un regalo para una adolescente y para ese uso estuvo bien.",Calificación 4 de 5,0
26 ago. 2023,Relación precio calidad está bien.,Calificación 4 de 5,0
25 ago. 2023,"Dura un montón la bateria, sin embargo, no sé si vino fallado porque se me tilda de vez en cuando. Pero bueno, cumple su función, lo uso para pedidos ya. Lo recomiendo.",Calificación 4 de 5,0
23 ago. 2023,Mbbbbbb.,Calificación 4 de 5,0
23 ago. 2023,Bjena relacion precio beneficio.,Calificación 4 de 5,0
20 ago. 2023,Muy bueno!! relación precio y producto!!!.,Calificación 4 de 5,0
19 ago. 2023,Buen tel. Acorde al precio.,Calificación 4 de 5,0
18 ago. 2023,"Muy buen producto, recomendable.",Calificación 4 de 5,0
18 ago. 2023,Buen cel. Precio calidad acorde.,Calificación 4 de 5,0
16 ago. 2023,"Al parecer es un buen celular, en relacion a precio-calidad. Por ahi no es muy buena la calidad de la camara, pero dentro de todo es bastante rápido.",Calificación 4 de 5,0
15 ago. 2023,El producto me pareció muy bueno.,Calificación 4 de 5,0
15 ago. 2023,Digamos que bueno.,Calificación 4 de 5,0
13 ago. 2023,"Esta bueno, es ligero, al principio, y cada minutos se bugea el tactil.",Calificación 4 de 5,0
12 ago. 2023,Muy recomendable.,Calificación 4 de 5,0
11 ago. 2023,Lo usa mi hija. Esta contenta.,Calificación 4 de 5,0
11 ago. 2023,Bueno.,Calificación 4 de 5,0
08 ago. 2023,De lo barato es lo mejor.,Calificación 4 de 5,0
08 ago. 2023,Lo compré para mí jermu. Hace meses anda cañito. Lo usa también mí hija chica. Así q le dan con todo y sin quejas. Samsung es calidad asegurada.,Calificación 4 de 5,0
04 ago. 2023,"Muy buen producto, de calidad.",Calificación 4 de 5,0
04 ago. 2023,Muy bueno el celu.,Calificación 4 de 5,0
03 ago. 2023,Más o menos.,Calificación 4 de 5,0
03 ago. 2023,Es lo q esperaba.,Calificación 4 de 5,0
03 ago. 2023,Funciona perfecto.,Calificación 4 de 5,0
03 ago. 2023,Recomendable.,Calificación 4 de 5,0
02 ago. 2023,Perfecto para mi mamá.,Calificación 4 de 5,0
31 jul. 2023,Super bien funciona de diez.,Calificación 4 de 5,0
31 jul. 2023,Bueno para su modelo.,Calificación 4 de 5,0
29 jul. 2023,Maso no me a funcionado en algunos aspectos.,Calificación 4 de 5,0
27 jul. 2023,Muy bueno.,Calificación 4 de 5,0
27 jul. 2023,Bueno por el precio.,Calificación 4 de 5,0
27 jul. 2023,Buen producto.,Calificación 4 de 5,0
24 jul. 2023,"Bien, no mas que eso.",Calificación 4 de 5,0
24 jul. 2023,La verdad bien bueno.,Calificación 4 de 5,0
23 jul. 2023,A los dos meses tube problema con el software y se apago la pantalla. Lo llevé al servi oficial de samsung y. E lo arreglo gratis. Después funcione bien.,Calificación 4 de 5,0
21 jul. 2023,Muy bueno.,Calificación 4 de 5,0
17 jul. 2023,Muy conforme con el celular.,Calificación 4 de 5,0
13 jul. 2023,Es para un niño y para el uso que le da esta muy bien.,Calificación 4 de 5,0
13 jul. 2023,No es muy bueno.,Calificación 4 de 5,0
11 jul. 2023,Lastima que vino con una falla y dejo de funcionar antes del mes.,Calificación 4 de 5,0
10 jul. 2023,Bueno.,Calificación 4 de 5,0
10 jul. 2023,Buen celular básico.,Calificación 4 de 5,0
10 jul. 2023,Mi producto es muy bueno. La batería dura bastante tiempo. La cámara una muy buena definición. Es recomendable.,Calificación 4 de 5,0
09 jul. 2023,Bueno para su precio.,Calificación 4 de 5,0
09 jul. 2023,"Se le da un uso bastante alto todos los días, y es bastante bueno. La batería le dura bastante, lo único malo, la cámara se podría mejorar bastante.",Calificación 4 de 5,0
07 jul. 2023,Hasta ahora funciona bien.,Calificación 4 de 5,0
07 jul. 2023,Bueno.,Calificación 4 de 5,0
05 jul. 2023,Bueno.,Calificación 4 de 5,0
05 jul. 2023,Divino.,Calificación 4 de 5,0
05 jul. 2023,Cumpke bien para un uso donestico sin grandes pretensiones.,Calificación 4 de 5,0
03 jul. 2023,Me lo compre para trabajar y funciona muy bien. Con aplicaciones de movilidad anda perfecto.,Calificación 4 de 5,0
03 jul. 2023,Lo tengo menos de un año y empezó a fallar el táctil.,Calificación 4 de 5,0
03 jul. 2023,"Según la persona a quien se lo regale salió muy bueno , muy buen producto, recomendable 80% !.",Calificación 4 de 5,0
02 jul. 2023,"Es un buen celular, anda rápido, una bateria que me dura como dos dias, tiene un buen almacenamiento, pero la calidad de la cámara es muy mala.",Calificación 4 de 5,0
29 jun. 2023,Bueno el producto.,Calificación 4 de 5,0
29 jun. 2023,Bueno el producto.,Calificación 4 de 5,0
27 jun. 2023,"Ni muy muy, ni tan tan. Yo se lo regale a mi vieja que tiene 68 años y le va joya. Le he preguntado y funciona bien, la camara obviamente es medio pelo. Pero los 3gb de ram se notan, es un celu para regalar, o dar un uso medio. Si te vas a comprar un celular para vos mismo, es preferible que compres algo mucho mas copado e inviertas mejor la guita. Este es precio calidad para safar.",Calificación 4 de 5,0
23 jun. 2023,Muy bien es un celular bastante bueno.,Calificación 4 de 5,0
23 jun. 2023,Cumple con la descripción.,Calificación 4 de 5,0
23 jun. 2023,"Buen producto calidad precio. Es un telefono para usar y usar, tampoco es lo mejor ni resalta, calidad baja pero muy rendidor.",Calificación 4 de 5,0
22 jun. 2023,Bueno.,Calificación 4 de 5,0
21 jun. 2023,Buen celular. De la gama de los medios.,Calificación 4 de 5,0
20 jun. 2023,Muy buen producto.,Calificación 4 de 5,0
19 jun. 2023,"Muy bueno, compré un motorola de los mejores y vino con fallas , lamentablemente no nos queda otra que volver a samsung que es lo más conocido. El samsung lo usa mi mamá, la verdad hasta ahora anda muy bien. Hace un año que lo tiene y anda perfecto.",Calificación 4 de 5,0
15 jun. 2023,Buen producto cumplio con las expectativas!!! recomendable.,Calificación 4 de 5,0
14 jun. 2023,Buen producto.,Calificación 4 de 5,0
13 jun. 2023,Muy buen celular.,Calificación 4 de 5,0
12 jun. 2023,"Es bastante bueno ,buena duración de batería y bastante agil.",Calificación 4 de 5,0
11 jun. 2023,Recomiendo.,Calificación 4 de 5,0
09 jun. 2023,Es un teléfono de gama media que supera las expectativas. Lo medio se nota en la velocidad.,Calificación 4 de 5,0
09 jun. 2023,Regaldo para una niña de 8 años. Funciona a la perfeccion.,Calificación 4 de 5,0
07 jun. 2023,Bueno.,Calificación 4 de 5,0
04 jun. 2023,Es lo que esperaba.,Calificación 4 de 5,0
02 jun. 2023,Muy buen celular.,Calificación 4 de 5,0
31 may. 2023,Un caño.,Calificación 4 de 5,0
30 may. 2023,No tiene un año y se me bloquea todavia lo estoy pagando.,Calificación 4 de 5,0
30 may. 2023,Muy bueno.,Calificación 4 de 5,0
28 may. 2023,Excelente producto.,Calificación 4 de 5,0
27 may. 2023,Muy bue celu lo se puede pedir mucho es acordé a su valor.,Calificación 4 de 5,0
25 may. 2023,Después de un par de meses se comenzó a tildar la pantalla de vez en cuando.,Calificación 4 de 5,0
25 may. 2023,"Es un producto bueno, en relación al costo y su calidad.",Calificación 4 de 5,0
20 may. 2023,A mi hijo le encantó y lo usa a diario.,Calificación 4 de 5,0
17 may. 2023,"Muy buena relacion precio producto, sin fallas.",Calificación 4 de 5,0
14 may. 2023,"Bueno , útil , buena capacidad.",Calificación 4 de 5,0
13 may. 2023,Muy bueno!!!.,Calificación 4 de 5,0
12 may. 2023,"Muy buen producto, pero me lo cobraron 2 veces.",Calificación 4 de 5,0
11 may. 2023,Bueno de acuerdo a precio.,Calificación 4 de 5,0
07 may. 2023,Perfecto.,Calificación 4 de 5,0
03 may. 2023,Lo que esperaba.,Calificación 4 de 5,0
30 abr. 2023,Muy básico. Por el precio no se puede pedir mucho.,Calificación 4 de 5,0
26 abr. 2023,Después que pasaron los días para devolverlo. Empezó a fallar. Hoy no sirve.,Calificación 4 de 5,0
18 abr. 2023,"Es un celular gama baja entrando en la media, no mucho más. Pensando en ese segmento, tiene buena pantalla con un muy buen tamaño, actualizado a las últimas versiones de android. Lo que más me sorprendió, fue la cámara. Se lo regalé a mi vieja y cuando se fue a salta sacó unas fotos espectaculares y ella es malísima sacando fotos. Así que tomando eso como parámetro, tiene una muy buena cámara.",Calificación 4 de 5,0
17 abr. 2023,Conforme la persona a la que se lo regalé.,Calificación 4 de 5,0
13 abr. 2023,Realcion precio calidad.,Calificación 4 de 5,0
13 abr. 2023,Buen celular. Lo más flojo: la calidad de las fotos.,Calificación 4 de 5,0
12 abr. 2023,Ok.,Calificación 4 de 5,0
11 abr. 2023,Un celu decente fotos bastante pedorras buena memoria y es rápido.,Calificación 4 de 5,0
07 abr. 2023,Buen producto. Todavía lo tengo y en uso.,Calificación 4 de 5,0
02 abr. 2023,Buen precio.,Calificación 4 de 5,0
02 abr. 2023,Muy buen producto por el costo de compra.,Calificación 4 de 5,0
01 abr. 2023,La verdad que estoy feliz con mi compra.,Calificación 4 de 5,0
29 mar. 2023,"El vídeo a veces se traba, la cámara no es muy buena. Se queda sin memoria enseguida.",Calificación 4 de 5,0
26 mar. 2023,Muy bueno. Recomendable.,Calificación 4 de 5,0
25 mar. 2023,"Es un celu ok por el precio capaz que no conseguiis otra cosa mejor, se lo regale a mi viejo y lo maneja lo mas bien, pero no lo usa nunca, asi que esta como nuevo.",Calificación 4 de 5,0
24 mar. 2023,Se traba muchas veces!!! o será que fue mala suerte.,Calificación 4 de 5,0
23 mar. 2023,"Bueno, acorde al precio.",Calificación 4 de 5,0
20 mar. 2023,Buen producto. Me gusta. Buen precio.,Calificación 4 de 5,0
15 mar. 2023,"Para el precio esta re bien, pero me quedo mil veces con un motorola.",Calificación 4 de 5,0
07 mar. 2023,"Cumple su función, se lo compre a mi suegra por su cumpleaños y quedo conforme veremos cuanto dura. Tiene dedos de manteca en especial con los celulares.",Calificación 4 de 5,0
05 mar. 2023,"Una máquina, lo uso con varias app y para estudiar, muy buena cámara ademas y rinde mucho la batería.",Calificación 4 de 5,0
27 feb. 2023,Anda bien.,Calificación 4 de 5,0
22 feb. 2023,Muy buen producto.,Calificación 4 de 5,0
04 ago. 2022,"Samsung me gusta! le doy 5 estrellas porque no tengo quejas. Vengo de un motorola moto c plus, 1gb de ram y 16 de almacenamiento, así que saltar de eso a un samsung con 4 gb de ram y 64 de almacenamiento, es una maravilla. No tengo forma de comparar la velocidad de las aplicaciones con otros modelos superiores, pero estoy muy conforme con este teléfono. Se consiguen los vidrios templados y las fundas, y a buen precio, así que bien. La batería me dura dos días con un uso normal, abriendo redes sociales, y algunas aplicaciones de compra e inversión. Me descargué el street fighter, juedo de arcade de mi adolescencia, y ya pasé la final con ryu, ken, vega y chun-li. Al principio es difícil agarrarle la mano con los controles, pero a la larga te acostumbras!. No duden en comprarse este teléfono. Vllc!!. El último estoico.",Calificación 5 de 5,167
04 ago. 2022,"Muy buen celular, lo compre para regalar y anda un espectáculo para el precio que maneja es muy bueno. Ahora pregúntate esto ¿las cosas que hago día a día me están llevando a cumplir mis sueños? si no estas haciendo todos los días las cosas necesarias para cumplir tus sueños cambia tus hábitos no importa lo poco que hagas empieza hoy.",Calificación 5 de 5,29
22 dic. 2022,"Muy buen producto en relación al precio. -tiene una duración batería óptimo para un uso normal, redes sociales, comunicaciones, etc. -las señales de red telefónica, wifi, bluetooth están bien diseñadas y se logra captación de señales de manera rápida. -la velocidad está muy bien y la capacidad de almacenamiento es holgada para el uso que le doy (edición de videos, descarga de imágenes, etc). -la cámara es muy buena, se pueden tomar fotos excelentes, por supuesto no tiene buena resolución el zoom óptico. Hacer videollamadas o conferencias es un dispositivo con buen rendimiento. -en cuanto a la radio fm no pude llegar a probarlo. -en cuando a multimedia, se puede decir que el parlante suena bien sin distorsión a un volumen aceptable. La pantalla es buena para mirar videos con una resolución más que aceptable. Solo un punto negativo pondría en este apartado, no trae auriculares, pero sabiendo que hoy se pueden adquirir muchos mejores de los que suelen traer, se puede considerar que se acepta por el precio. -el uso de aplicaciones es óptimo y se no observa que las transiciones se noten mucho al cambiar de aplicación, el manejo es fluido en los movimientos de los dedos. -para aquellos que están comenzando, es recomendable este dispositivo.",Calificación 5 de 5,23
22 jul. 2022,"Excelente celular. Veloz, fácil de usar, con una batería que tira para un buen rato. La cámara que tiene es una genialidad. Quizá es un poco contraintuitivo para quienes vengan de otras marcas o modelos, pero en el mes que llevo de usarlo es un cañazo. A ver si puedo seguir diciendo lo mismo después de que se me caiga la primera vez. Hay cosas que empiezan a verse con el tiempo, lo mismo con la obsolescencia por software.",Calificación 5 de 5,9
04 oct. 2022,"Es mucho mas grande de lo que pensé. Entra bien en la mano con el formato de pantalla alargado. Muy buena definicion y brillo. La construcción del mismo no es de mi agrado ya que los plásticos se notan de mala calidad (soy usuario de iphone, este lo compré para un familiar). Sin embargo y pese a mis prejuicios, se mueve muy bien, no tiene lagazos ni problemas hasta el momento. 5/5. Excelente precio.",Calificación 5 de 5,7
25 ene. 2023,"Si no sos elon musk, cheto de nordelta o un you tubers que chapea la manzana en el celular, va de diez. Cumple con las funciones minimas que puede darle cualquiera simple mortal a un dispositivo que pueda usarse para comunicacion. Foto o musica. No apto para histericos/ as que si no es el de la manzana no te usan nada. Encima lo utilizan para instagram o tick tock. Payasos del sistema global.",Calificación 5 de 5,6
16 jul. 2022,"Para mí fue ideal. Samsung es mi marca, el anterior lo hice durar 8 años! y la app para pasar el contenido de un samung a otro es muy práctica. Es útil, no es ni para hacer pinta ni para llenarlo de apps dudosamente útiles. Pero es práctico y fácil de usar. Relación precio-utilidad muy buena.",Calificación 5 de 5,6
23 abr. 2023,"Muy buen celu, la foto es con funda. La verdad anda excelente.",Calificación 5 de 5,6
12 dic. 2023,Muy bueno el producto.,Calificación 5 de 5,3
08 ago. 2022,"Muy bonito, primer premio. Relación precio calidad muy bueno. Se lo compré a mi mujer en un apuro, con el fin de mes respirandome en la nuca, y nos sorprendió si gustas de sacarte muchas fotos probablemente te decepciones, mi mujer solo le saca a los gatos y ellos parecen conformes.",Calificación 5 de 5,3
23 jul. 2022,Estaba en el amazonas peleando con un cocodrilo de repente me tira una mordida desesperado entre en hemorragia gracias a mi samsung galaxy a03 32 gb pude transmitir via instagram y el gobierno me mando un avion militar a socorrerme. La vida x samsung.,Calificación 5 de 5,3
20 jun. 2022,"Lo compre en oferta y la verdad valio la pena, de vez en cuando se tilda un poquito pero no es nada de otro mundo, la bateria le dura bastante la verdad, con respecto a la camara es un golaso, la camara frontal se ve un poco granulada cuando hay poca luz pero esta bien, en fin, esta bueno.",Calificación 5 de 5,3
17 abr. 2024,Dediez el funcionamiento.,Calificación 5 de 5,2
02 mar. 2024,Excelente 100% recomendable.,Calificación 5 de 5,2
16 feb. 2024,Muy recomendable.,Calificación 5 de 5,2
01 nov. 2022,"Compré este celular para mi papá hace 2 semanas y no tuvo quejas. La batería le alcanza para todo el día y hasta un poco más. Es una persona grande así que solo usa facebook, whatsapp y alguna que otra aplicación por lo que de espacio y memoria tiene de sobra. La cámara trasera saca muy buenas fotos pero la delantera deja que desear, pero hace su trabajo. Muy contento con la compra, lo recomiendo.",Calificación 5 de 5,2
27 may. 2022,"El celular es lindo. La cámara a luz de día natural salen muy lindas, a luz artificial no :/.",Calificación 5 de 5,2
12 may. 2022,Muy conforme. Era lo que esperaba. Funciona muy bien y el desbloqueo x reconocimiento de rostro es muy bueno. Pero lo que más me importaba son los 128 gb de memoria. Producto recomendable.,Calificación 5 de 5,2
18 abr. 2024,100 puntos.,Calificación 5 de 5,1
03 abr. 2024,Muy buen teléfono.,Calificación 5 de 5,1
26 mar. 2024,Genial.,Calificación 5 de 5,1
22 mar. 2024,Muy buena calidad y precio.,Calificación 5 de 5,1
19 mar. 2024,Excelente.,Calificación 5 de 5,1
18 mar. 2024,Todo excelente.,Calificación 5 de 5,1
16 mar. 2024,Es muy practico.,Calificación 5 de 5,1
27 feb. 2024,Excelente producto.,Calificación 5 de 5,1
27 feb. 2024,Excelente aparato.,Calificación 5 de 5,1
21 feb. 2024,Percecto.,Calificación 5 de 5,1
23 jul. 2023,Excelente celular.,Calificación 5 de 5,1
22 jul. 2023,Estoy conforme con el producto. Aconcejo a la empresa que mandaran el protector de pantalla y funda con relacion al precio y comparacion de otras marcas. Igualmente lo recomiendo.,Calificación 5 de 5,1
20 jul. 2023,Exelente.,Calificación 5 de 5,1
04 abr. 2023,Exelente calidad recomendable.,Calificación 5 de 5,1
18 ene. 2023,Excelente producto lo q me imaginaba lo recomiendo.,Calificación 5 de 5,1
17 ene. 2023,Muy bueno.,Calificación 5 de 5,1
11 jul. 2022,"Muy bien, teniendo en cuenta el precio. La cámara bien,se pudo instalar varias aplicaciones,por ahora, lo tiene hace un mes recién,viene bien.",Calificación 5 de 5,1
07 jun. 2022,"Muy bueno, el equipo bien completo le dura bastante la bateria buena resolucion le doy 5 esteellas.",Calificación 5 de 5,1
30 may. 2022,"Muy buen celular más de lo que esperaba funciona de diez, dura muchísimo la batería y mucha memoria. Todo celular nuevo es lindo pero este es perfecto.",Calificación 5 de 5,1
07 may. 2022,"Muy buena calidad del equipo. , excelente en general. , muy recomedable. Muy buena calidad de la camara.",Calificación 5 de 5,1
03 may. 2022,"Excelente equipop muy lindo en genral muy completo. , satisfecho con la compra.",Calificación 5 de 5,1
13 may. 2022,"Muy buena pantalla, capacidad e imágenes para el precio me viene muy bien para estudiar recomendable en esta gama.",Calificación 5 de 5,3
26 sep. 2024,Buenísimo.,Calificación 5 de 5,0
13 sep. 2024,"Muy bueno el celu, mucho espacio.",Calificación 5 de 5,0
12 sep. 2024,Bueno.,Calificación 5 de 5,0
09 sep. 2024,9.,Calificación 5 de 5,0
08 sep. 2024,Hasta ahora lo tenemos y ningún problema.,Calificación 5 de 5,0
07 sep. 2024,Es lo que esperábamos.,Calificación 5 de 5,0
04 sep. 2024,Se congela la pantalla.,Calificación 5 de 5,0
02 sep. 2024,"Es el segundo que compró, excelente dispositivo.",Calificación 5 de 5,0
28 ago. 2024,Bueno.,Calificación 5 de 5,0
22 ago. 2024,Muy buen producto.,Calificación 5 de 5,0
19 ago. 2024,Bueno. Para ser que era usado.,Calificación 5 de 5,0
15 ago. 2024,"Lo compre es 2022 y estoy escribiendo del mismo ( es agostos del 2024 actualmente). Excelente para uso diario. Tengo varias apps instaladas y se la banca bárbaro. La batería me sigue durando un montón. Lo utilizó mucho para ver netflix, youtube,etc, whatsapp, insta y nada que criticar. Lo único malo es la calidad de la cámara, sobretodo la frontal. Después todo de 10. Invertir en una buena funda y vidrio templado y dura muchísimo.",Calificación 5 de 5,0
14 ago. 2024,Es un celular muy sencillo que lo compré para regalar y para uso básico. La cámara no es muy buena tampoco pero. Hasta ahora funciona!!.,Calificación 5 de 5,0
14 ago. 2024,Muy bueno.,Calificación 5 de 5,0
10 ago. 2024,Muy bien anda.,Calificación 5 de 5,0
09 ago. 2024,Muy lindo.,Calificación 5 de 5,0
08 ago. 2024,Muy bueno.,Calificación 5 de 5,0
04 ago. 2024,Muy buen producto sin lujos pero efectivo.,Calificación 5 de 5,0
01 ago. 2024,Muy bueno.,Calificación 5 de 5,0
30 jul. 2024,"Se lo regale a mi novia hace más de un año, a los meses dejo el celular desbloqueado y ví que tenía tinder, me agarro curiosidad y ví el chat, estaba activa, tenía uno que agendo en wwp c. Y se escribía x instagram, se vieron dos veces y ya tenían fecha para la 3, terminamos todo mal, pero todavía debe tener el celular ella.",Calificación 5 de 5,0
29 jul. 2024,100% recomendable.,Calificación 5 de 5,0
29 jul. 2024,"Bastante lento pero bueno es el mas económico, mucho no se le puede pedir.",Calificación 5 de 5,0
25 jul. 2024,Buen producto.,Calificación 5 de 5,0
23 jul. 2024,Excelente.,Calificación 5 de 5,0
20 jul. 2024,Muy bueno acorde al precio estoy muy conforme gracias.,Calificación 5 de 5,0
10 jul. 2024,Todavía lo tengo. Van 2 años. Y anda bien todavía. Lo recomiendo.,Calificación 5 de 5,0
10 jul. 2024,Fue para regalar.,Calificación 5 de 5,0
04 jul. 2024,Todo bárbaro. Ya lleva varios años funcionando y recien ahora la batería parecería no durar tanto. Pero es normal. La cámara es mala para mi gusto o mi marido saca muy malas fotos.,Calificación 5 de 5,0
01 jul. 2024,Muy malo.,Calificación 5 de 5,0
26 jun. 2024,Excelente producto.,Calificación 5 de 5,0
25 jun. 2024,"Excelente, rápido, bien informado, buena comunicación. Producto óptimo. Gracias.",Calificación 5 de 5,0
20 jun. 2024,Exelenteee todo muy recomendable.,Calificación 5 de 5,0
14 jun. 2024,Muy bueno por el precio.,Calificación 5 de 5,0
12 jun. 2024,Anda bien. Hace rato lo tengo y nunca dio problemas. Se usa mucho y se la banca.,Calificación 5 de 5,0
11 jun. 2024,Recomendable. A la fecha funciona muy bien y el dueño es un adolescente.,Calificación 5 de 5,0
10 jun. 2024,Excelente producto.,Calificación 5 de 5,0
08 jun. 2024,Todo ok.,Calificación 5 de 5,0
06 jun. 2024,Muy bueno.,Calificación 5 de 5,0
04 jun. 2024,Muy buen celular recomendable.,Calificación 5 de 5,0
01 jun. 2024,"Exelente,lo mejor que fabricaron los chinos.",Calificación 5 de 5,0
29 may. 2024,Todo ok.,Calificación 5 de 5,0
27 may. 2024,Un poquito mejor que otros.,Calificación 5 de 5,0
26 may. 2024,"Muy bueno el celu,recomendado.",Calificación 5 de 5,0
26 may. 2024,Excelente producto. Muy buen precio.,Calificación 5 de 5,0
24 may. 2024,Hermoso celular. Me gustó mucho gracias mercado pago saludos.,Calificación 5 de 5,0
20 may. 2024,Muy bueno.,Calificación 5 de 5,0
20 may. 2024,Es un celu que responde a su gama y precio.,Calificación 5 de 5,0
18 may. 2024,Excelente producto.,Calificación 5 de 5,0
18 may. 2024,Me resulto buen celular.,Calificación 5 de 5,0
16 may. 2024,Supero mis expectativas.,Calificación 5 de 5,0
15 may. 2024,"Es muy bueno, gran producto y calidad.",Calificación 5 de 5,0
15 may. 2024,Esta muy bueno gran producto.,Calificación 5 de 5,0
14 may. 2024,5 años me duro.,Calificación 5 de 5,0
12 may. 2024,Muy buen equipo.,Calificación 5 de 5,0
11 may. 2024,Exelente.,Calificación 5 de 5,0
10 may. 2024,Es un buen producto.,Calificación 5 de 5,0
09 may. 2024,Un buen teléfono. Cumple con las expectativas de uso. Fue un regalo para mí papá que no se lo esperaba y le encantó.,Calificación 5 de 5,0
29 abr. 2024,Excelente.,Calificación 5 de 5,0
29 abr. 2024,Funciona perfecto. Es rápido.,Calificación 5 de 5,0
25 abr. 2024,Lo que esperaba.,Calificación 5 de 5,0
18 abr. 2024,Mi hija feliz muy bueno.,Calificación 5 de 5,0
17 abr. 2024,Conforme.,Calificación 5 de 5,0
15 abr. 2024,"Es básico, pero funciona muy bien. Ideal para primer teléfono de niños/adolescentes.",Calificación 5 de 5,0
13 abr. 2024,Me da mucho resultado en las páginas de ofertas de bebidas.,Calificación 5 de 5,0
11 abr. 2024,Excelente.,Calificación 5 de 5,0
11 abr. 2024,"Lo compre en una oferta con 45% de descuento, me pareció una gran compra para mis hijos, juegan free fire y tienen insta y whatsapp alcanza bien.",Calificación 5 de 5,0
10 abr. 2024,Muy bueno todabia lo tengo.,Calificación 5 de 5,0
10 abr. 2024,Excelente.,Calificación 5 de 5,0
09 abr. 2024,Como lo esperaba.,Calificación 5 de 5,0
05 abr. 2024,Todo bien.,Calificación 5 de 5,0
01 abr. 2024,"Muy buen teléfono, se lo regale a mi hijo y la verdad muy buen resultado.",Calificación 5 de 5,0
28 mar. 2024,Gracias.,Calificación 5 de 5,0
18 mar. 2024,Bueno.,Calificación 5 de 5,0
18 mar. 2024,Excelente.,Calificación 5 de 5,0
13 mar. 2024,"Un celular que cumple lo necesario para un adolescente de 14 años, lo mejor es la batería y por supuesto el precio qué pagué por una marca cómo samsung. Recomiendo sin dudas.",Calificación 5 de 5,0
11 mar. 2024,Bueno.,Calificación 5 de 5,0
10 mar. 2024,Muy conforme con el celu samsung.,Calificación 5 de 5,0
08 mar. 2024,Excelente.,Calificación 5 de 5,0
05 mar. 2024,Excelente producto.,Calificación 5 de 5,0
02 mar. 2024,Excelente teléfono una definición muy buena en foto y demás tanto como el funcionamiento.,Calificación 5 de 5,0
28 feb. 2024,Muy bueno y en buenas condiciones.,Calificación 5 de 5,0
25 feb. 2024,Muy bueno barato y tiene capacidad para descargar varias aplicaciones. Las fotos safan.,Calificación 5 de 5,0
16 feb. 2024,Lo regalé así que no pude comprobar que tan bueno es.,Calificación 5 de 5,0
15 feb. 2024,"Se lo regale a mi mamá y super contenta, el celular sigue como nuevo al año de haberlo comprado 👍🏻✨.",Calificación 5 de 5,0
11 feb. 2024,Si por el valor no está mal como celular es bueno.,Calificación 5 de 5,0
08 feb. 2024,Excelente producto!!.,Calificación 5 de 5,0
08 feb. 2024,"Una excelente opción para el uso que le da la persona que lo tiene que es mi padre, era solo actualizarlo a un cel más moderno pero que no sea tan complejo.",Calificación 5 de 5,0
08 feb. 2024,Muy bueno en todo.,Calificación 5 de 5,0
06 feb. 2024,Lo compré hace un año y medio y hasta ahora anda barbaro.,Calificación 5 de 5,0
05 feb. 2024,Muy bueno.,Calificación 5 de 5,0
03 feb. 2024,"Cómo siempre, muy buen producto, no valen la pena agregar comentarios.",Calificación 5 de 5,0
02 feb. 2024,Excelente.,Calificación 5 de 5,0
01 feb. 2024,La verdad muy bueno !.,Calificación 5 de 5,0
31 ene. 2024,Excelente producto.,Calificación 5 de 5,0
28 ene. 2024,Todo bien.,Calificación 5 de 5,0
27 ene. 2024,Excelente todavía lo tengo. Una maravilla 👍.,Calificación 5 de 5,0
26 ene. 2024,Me fue muy util para lo que necesito.,Calificación 5 de 5,0
23 ene. 2024,Muy buen producto lo recomiendo.,Calificación 5 de 5,0
22 ene. 2024,Excelente.,Calificación 5 de 5,0
22 ene. 2024,Muy bueno.,Calificación 5 de 5,0
19 ene. 2024,Todo ok.,Calificación 5 de 5,0
19 ene. 2024,"Muy buen funcionamiento, tiene lo necesario para la utilización que se le da.",Calificación 5 de 5,0
18 ene. 2024,Muy bueno.,Calificación 5 de 5,0
17 ene. 2024,Muy bueno.,Calificación 5 de 5,0
17 ene. 2024,Muy buen celular solo que medio floja la camara.,Calificación 5 de 5,0
16 ene. 2024,Excelente.,Calificación 5 de 5,0
14 ene. 2024,Es lo que esperaba.,Calificación 5 de 5,0
14 ene. 2024,Excelente.,Calificación 5 de 5,0
13 ene. 2024,"Buen producto,.",Calificación 5 de 5,0
12 ene. 2024,"Era para regalar a mi hija, espero que le guste!!.",Calificación 5 de 5,0
10 ene. 2024,Todo ok.,Calificación 5 de 5,0
09 ene. 2024,Estoy satisfecho. La cámara es una c@g@d@.,Calificación 5 de 5,0
08 ene. 2024,"Muy buen producto, cumplió totalmente con las espectativas!!!.",Calificación 5 de 5,0
08 ene. 2024,Excelente producto lo recomiendo.,Calificación 5 de 5,0
08 ene. 2024,Precio calidad de los productos ✅️.,Calificación 5 de 5,0
07 ene. 2024,Bueno.,Calificación 5 de 5,0
07 ene. 2024,Por el precio muy bueno.,Calificación 5 de 5,0
06 ene. 2024,Excelete calidad el celular lo recomiedo.,Calificación 5 de 5,0
06 ene. 2024,Bueno.,Calificación 5 de 5,0
05 ene. 2024,Hermoso y de una buena calidad.,Calificación 5 de 5,0
05 ene. 2024,Le faltaría el sensor de huella y estaría perfecto. Y las selfies poco nítidas.,Calificación 5 de 5,0
04 ene. 2024,Excelente recomendable.,Calificación 5 de 5,0
04 ene. 2024,Muy bueno.,Calificación 5 de 5,0
04 ene. 2024,Excelente producto.,Calificación 5 de 5,0
03 ene. 2024,Tiene momentos d locura q se tilda o anda solo. Pero por ahora vive.,Calificación 5 de 5,0
03 ene. 2024,Por la relacion precio calidad esta perfecto.,Calificación 5 de 5,0
03 ene. 2024,Todo ok.,Calificación 5 de 5,0
29 dic. 2023,Perfecto ¡!.,Calificación 5 de 5,0
26 dic. 2023,Fue el primer celular de mi hijo. Está muy conforme con él.,Calificación 5 de 5,0
25 dic. 2023,Lo mejor en su categoría.,Calificación 5 de 5,0
24 dic. 2023,"En lo general bueno la cámara no es gran cosa, la mayoría de los samsung no tiene buena cámara.",Calificación 5 de 5,0
20 dic. 2023,Anda un cañón.,Calificación 5 de 5,0
20 dic. 2023,Excelente teléfono no es muy buena la cámara! pero nada q decir. Muy buen celu.,Calificación 5 de 5,0
16 dic. 2023,"Bueno en relación precio calidad, conforme con el producto.",Calificación 5 de 5,0
15 dic. 2023,Muy bueno cumple las expectativas.,Calificación 5 de 5,0
15 dic. 2023,Bueno.,Calificación 5 de 5,0
14 dic. 2023,Por el momento todo bien con el celu. Precio y calidad accesible. Lo recomiendo.,Calificación 5 de 5,0
14 dic. 2023,Es un buen celular me gusta.,Calificación 5 de 5,0
13 dic. 2023,Sin ningún problema hasta ahora 3meses de uso.,Calificación 5 de 5,0
13 dic. 2023,En relación en productos y precio es buena.,Calificación 5 de 5,0
13 dic. 2023,Muy bueno.,Calificación 5 de 5,0
13 dic. 2023,"Siempre elijo samsung, es muy bueno y fácil de transferir de un teléfono viejo al nuevo.",Calificación 5 de 5,0
11 dic. 2023,Cumple las expectativas por la calidad y el precio.,Calificación 5 de 5,0
11 dic. 2023,Me encanta 😊 lo mejor en precio calidad.,Calificación 5 de 5,0
08 dic. 2023,Muy bueno.,Calificación 5 de 5,0
07 dic. 2023,Mui bueno anda de diez.,Calificación 5 de 5,0
07 dic. 2023,Muy bueno y barato el mejor 🎁 regalo.,Calificación 5 de 5,0
06 dic. 2023,Muy bueno.,Calificación 5 de 5,0
06 dic. 2023,Excelente.,Calificación 5 de 5,0
05 dic. 2023,Esta bien dentro de su categoria.,Calificación 5 de 5,0
05 dic. 2023,"Muy bueno,realmente.",Calificación 5 de 5,0
05 dic. 2023,Muy buen producto.,Calificación 5 de 5,0
04 dic. 2023,Buen producto.,Calificación 5 de 5,0
04 dic. 2023,Excelente.,Calificación 5 de 5,0
04 dic. 2023,"Muy buen celu, para mi hija de 10 años, esta super contenta.",Calificación 5 de 5,0
04 dic. 2023,Asta ahora muy bueno el producto.,Calificación 5 de 5,0
03 dic. 2023,"Samsung a03 (64/4). Excelente. Llevo unos días usándolo y hasta ahora todo bien; incluso he probado con juegos, no muy exigentes, y no he tenido problemas. Cumple muy bien una función de uso normal, más la batería dura un día tranquilamente.",Calificación 5 de 5,0
02 dic. 2023,Todo perfecto. Gracias 🙂.,Calificación 5 de 5,0
02 dic. 2023,"Todo bien, era lo que necesitaba.",Calificación 5 de 5,0
02 dic. 2023,Excelente!! muy bueno!!.,Calificación 5 de 5,0
30 nov. 2023,Meses d uso muy bueno.,Calificación 5 de 5,0
30 nov. 2023,Todo de 10-.,Calificación 5 de 5,0
29 nov. 2023,Conforme.,Calificación 5 de 5,0
29 nov. 2023,Excelente celu.,Calificación 5 de 5,0
29 nov. 2023,Todo bien.,Calificación 5 de 5,0
29 nov. 2023,Me dejaron a la dos semana.,Calificación 5 de 5,0
27 nov. 2023,Excelente hasta hoy funciona re bien.,Calificación 5 de 5,0
27 nov. 2023,Execelente.,Calificación 5 de 5,0
25 nov. 2023,Me pareció súper bueno !. Además por el precio genial 😉.,Calificación 5 de 5,0
25 nov. 2023,Excelente celular. Muy práctico de usar. Buena relación precio calidad.,Calificación 5 de 5,0
